,ID,Date,Feeding_Time,Pellet_Cake,Fish_Prawn,Swimming_Eratically,Body_Coloration,Rubbing,Remarks,month,day
1,MGC1,1/7/22,AM,0,0,Pfis,0,NA,,7,1
2,MGC1,1/7/22,PM,0,0,0,0,NA,,7,1
3,MGC2,1/7/22,AM,0,1,0,0,NA,,7,1
4,MGC2,1/7/22,PM,0,1,0,0,NA,,7,1
5,MGC3,1/7/22,AM,0,1,0,0,NA,,7,1
6,MGC3,1/7/22,PM,0,1,0,0,NA,,7,1
7,MGC4,1/7/22,AM,0,1,0,0,NA,,7,1
8,MGC4,1/7/22,PM,1,1,0,0,NA,,7,1
9,MGC5,1/7/22,AM,0,1,0,0,NA,,7,1
10,MGC5,1/7/22,PM,1,1,0,0,NA,,7,1
11,MGC6,1/7/22,AM,1,1,0,0,NA,,7,1
12,MGC6,1/7/22,PM,0,0,0,0,NA,,7,1
13,MGC1,2/7/22,AM,0,0,0,0,NA,,7,2
14,MGC1,2/7/22,PM,0,0,0,0,NA,,7,2
15,MGC2,2/7/22,AM,0,1,0,0,NA,,7,2
16,MGC2,2/7/22,PM,1,1,0,0,NA,,7,2
17,MGC3,2/7/22,AM,0,1,0,0,NA,,7,2
18,MGC3,2/7/22,PM,0,1,0,0,NA,,7,2
19,MGC4,2/7/22,AM,0,1,0,0,NA,,7,2
20,MGC4,2/7/22,PM,1,1,0,0,NA,,7,2
21,MGC5,2/7/22,AM,0,1,0,0,NA,,7,2
22,MGC5,2/7/22,PM,1,1,0,0,NA,,7,2
23,MGC6,2/7/22,AM,0,1,0,0,NA,,7,2
24,MGC6,2/7/22,PM,1,0,0,0,NA,,7,2
25,MGC1,3/7/22,AM,0,0,0,0,NA,,7,3
26,MGC1,3/7/22,PM,0,0,0,0,NA,,7,3
27,MGC2,3/7/22,AM,1,1,0,0,NA,,7,3
28,MGC2,3/7/22,PM,1,0,0,0,NA,,7,3
29,MGC3,3/7/22,AM,0,1,0,0,NA,,7,3
30,MGC3,3/7/22,PM,1,1,0,0,NA,,7,3
31,MGC4,3/7/22,AM,1,1,0,0,NA,,7,3
32,MGC4,3/7/22,PM,1,1,0,0,NA,,7,3
33,MGC5,3/7/22,AM,1,1,0,0,NA,,7,3
34,MGC5,3/7/22,PM,1,1,0,0,NA,,7,3
35,MGC6,3/7/22,AM,1,1,0,0,NA,,7,3
36,MGC6,3/7/22,PM,1,1,0,0,NA,,7,3
37,MGC1,4/7/22,AM,0,0,0,0,NA,,7,4
38,MGC1,4/7/22,PM,0,0,0,0,NA,,7,4
39,MGC2,4/7/22,AM,0,1,0,0,NA,,7,4
40,MGC2,4/7/22,PM,0,1,0,0,NA,,7,4
41,MGC3,4/7/22,AM,0,0,0,0,NA,,7,4
42,MGC3,4/7/22,PM,0,1,0,0,NA,,7,4
43,MGC4,4/7/22,AM,1,1,0,0,NA,,7,4
44,MGC4,4/7/22,PM,1,1,0,0,NA,,7,4
45,MGC5,4/7/22,AM,1,1,0,0,NA,,7,4
46,MGC5,4/7/22,PM,1,1,0,0,NA,,7,4
47,MGC6,4/7/22,AM,0,1,0,0,NA,,7,4
48,MGC6,4/7/22,PM,1,0,0,0,NA,,7,4
49,MGC1,5/7/22,AM,0,0,0,0,NA,,7,5
50,MGC1,5/7/22,PM,0,0,0,0,NA,,7,5
51,MGC2,5/7/22,AM,1,1,0,0,NA,,7,5
52,MGC2,5/7/22,PM,1,1,0,0,NA,,7,5
53,MGC3,5/7/22,AM,0,1,0,0,NA,,7,5
54,MGC3,5/7/22,PM,1,1,0,0,NA,,7,5
55,MGC4,5/7/22,AM,1,1,0,0,NA,,7,5
56,MGC4,5/7/22,PM,1,1,0,0,NA,,7,5
57,MGC5,5/7/22,AM,1,1,0,0,NA,,7,5
58,MGC5,5/7/22,PM,0,1,0,0,NA,,7,5
59,MGC6,5/7/22,AM,0,0,0,0,NA,,7,5
60,MGC6,5/7/22,PM,0,1,0,0,NA,,7,5
61,MGC1,6/7/22,AM,0,0,0,0,NA,,7,6
62,MGC1,6/7/22,PM,0,0,0,0,NA,,7,6
63,MGC2,6/7/22,AM,0,0,0,0,NA,,7,6
64,MGC2,6/7/22,PM,1,1,0,0,NA,,7,6
65,MGC3,6/7/22,AM,1,1,0,0,NA,,7,6
66,MGC3,6/7/22,PM,1,1,0,0,NA,,7,6
67,MGC4,6/7/22,AM,1,1,0,0,NA,,7,6
68,MGC4,6/7/22,PM,1,1,0,0,NA,,7,6
69,MGC5,6/7/22,AM,0,1,0,0,NA,,7,6
70,MGC5,6/7/22,PM,0,0,0,0,NA,,7,6
71,MGC6,6/7/22,AM,1,0,0,0,NA,,7,6
72,MGC6,6/7/22,PM,1,1,0,0,NA,,7,6
73,MGC1,7/7/22,AM,0,0,0,0,NA,,7,7
74,MGC1,7/7/22,PM,0,0,0,0,NA,,7,7
75,MGC2,7/7/22,AM,0,1,0,0,NA,,7,7
76,MGC2,7/7/22,PM,0,1,0,0,NA,,7,7
77,MGC3,7/7/22,AM,0,0,0,0,NA,,7,7
78,MGC3,7/7/22,PM,0,0,0,0,NA,,7,7
79,MGC4,7/7/22,AM,1,1,0,0,NA,,7,7
80,MGC4,7/7/22,PM,0,1,0,0,NA,,7,7
81,MGC5,7/7/22,AM,1,1,0,0,NA,,7,7
82,MGC5,7/7/22,PM,1,1,0,0,NA,,7,7
83,MGC6,7/7/22,AM,0,0,0,0,NA,,7,7
84,MGC6,7/7/22,PM,0,0,0,0,NA,,7,7
85,MGC1,8/7/22,AM,0,0,0,0,NA,,7,8
86,MGC1,8/7/22,PM,0,0,0,0,NA,,7,8
87,MGC2,8/7/22,AM,0,1,0,0,NA,,7,8
88,MGC2,8/7/22,PM,0,1,0,0,NA,,7,8
89,MGC3,8/7/22,AM,1,0,0,0,NA,,7,8
90,MGC3,8/7/22,PM,1,1,0,0,NA,,7,8
91,MGC4,8/7/22,AM,1,1,0,0,NA,,7,8
92,MGC4,8/7/22,PM,1,1,0,0,NA,,7,8
93,MGC5,8/7/22,AM,0,1,0,0,NA,,7,8
94,MGC5,8/7/22,PM,1,1,0,0,NA,,7,8
95,MGC6,8/7/22,AM,0,0,0,0,NA,,7,8
96,MGC6,8/7/22,PM,1,1,0,0,NA,,7,8
97,MGC1,9/7/22,AM,0,0,0,0,NA,,7,9
98,MGC1,9/7/22,PM,0,0,0,0,NA,,7,9
99,MGC2,9/7/22,AM,1,1,0,0,NA,,7,9
100,MGC2,9/7/22,PM,1,1,0,0,NA,,7,9
101,MGC3,9/7/22,AM,1,1,0,0,NA,,7,9
102,MGC3,9/7/22,PM,1,1,0,0,NA,,7,9
103,MGC4,9/7/22,AM,1,1,0,0,NA,,7,9
104,MGC4,9/7/22,PM,1,1,0,0,NA,,7,9
105,MGC5,9/7/22,AM,1,1,0,0,NA,,7,9
106,MGC5,9/7/22,PM,1,1,0,0,NA,,7,9
107,MGC6,9/7/22,AM,1,1,0,0,NA,,7,9
108,MGC6,9/7/22,PM,1,1,0,0,NA,,7,9
109,MGC1,10/7/22,AM,0,0,0,0,NA,,7,10
110,MGC1,10/7/22,PM,0,0,0,0,NA,,7,10
111,MGC2,10/7/22,AM,1,1,0,0,NA,,7,10
112,MGC2,10/7/22,PM,1,1,0,0,NA,,7,10
113,MGC3,10/7/22,AM,1,1,0,0,NA,,7,10
114,MGC3,10/7/22,PM,1,1,0,0,NA,,7,10
115,MGC4,10/7/22,AM,1,1,0,0,NA,,7,10
116,MGC4,10/7/22,PM,1,1,0,0,NA,,7,10
117,MGC5,10/7/22,AM,1,1,0,0,NA,,7,10
118,MGC5,10/7/22,PM,1,1,0,0,NA,,7,10
119,MGC6,10/7/22,AM,0,1,0,0,NA,,7,10
120,MGC6,10/7/22,PM,1,1,0,0,NA,,7,10
121,MGC1,11/7/22,AM,0,0,0,0,NA,,7,11
122,MGC1,11/7/22,PM,0,0,0,0,NA,,7,11
123,MGC2,11/7/22,AM,1,1,0,0,NA,,7,11
124,MGC2,11/7/22,PM,1,1,0,0,NA,,7,11
125,MGC3,11/7/22,AM,1,1,0,0,NA,,7,11
126,MGC3,11/7/22,PM,1,1,0,0,NA,,7,11
127,MGC4,11/7/22,AM,0,0,0,0,NA,,7,11
128,MGC4,11/7/22,PM,0,1,0,0,NA,,7,11
129,MGC5,11/7/22,AM,0,0,0,0,NA,,7,11
130,MGC5,11/7/22,PM,1,1,0,0,NA,,7,11
131,MGC6,11/7/22,AM,0,0,0,0,NA,,7,11
132,MGC6,11/7/22,PM,0,1,0,0,NA,,7,11
133,MGC1,12/7/22,AM,0,0,0,0,NA,,7,12
134,MGC1,12/7/22,PM,0,1,0,0,NA,,7,12
135,MGC2,12/7/22,AM,1,1,0,0,NA,,7,12
136,MGC2,12/7/22,PM,0,0,0,0,NA,,7,12
137,MGC3,12/7/22,AM,1,1,0,0,NA,,7,12
138,MGC3,12/7/22,PM,1,1,0,0,NA,,7,12
139,MGC4,12/7/22,AM,1,1,0,0,NA,,7,12
140,MGC4,12/7/22,PM,0,0,0,0,NA,,7,12
141,MGC5,12/7/22,AM,1,1,0,0,NA,,7,12
142,MGC5,12/7/22,PM,0,0,0,0,NA,,7,12
143,MGC6,12/7/22,AM,1,1,0,0,NA,,7,12
144,MGC6,12/7/22,PM,0,1,0,0,NA,,7,12
145,MGC1,13/7/22,AM,1,0,0,0,NA,,7,13
146,MGC1,13/7/22,PM,1,1,0,0,NA,,7,13
147,MGC2,13/7/22,AM,1,1,0,0,NA,,7,13
148,MGC2,13/7/22,PM,1,1,0,0,NA,,7,13
149,MGC3,13/7/22,AM,1,1,0,0,NA,,7,13
150,MGC3,13/7/22,PM,0,1,0,0,NA,,7,13
151,MGC4,13/7/22,AM,1,1,0,0,NA,,7,13
152,MGC4,13/7/22,PM,1,1,0,0,NA,,7,13
153,MGC5,13/7/22,AM,1,1,0,0,NA,,7,13
154,MGC5,13/7/22,PM,1,0,0,0,NA,,7,13
155,MGC6,13/7/22,AM,0,1,0,0,NA,,7,13
156,MGC6,13/7/22,PM,1,0,0,0,NA,,7,13
157,MGC1,14/7/22,AM,0,1,0,0,NA,,7,14
158,MGC1,14/7/22,PM,0,0,0,0,NA,,7,14
159,MGC2,14/7/22,AM,1,0,0,0,NA,,7,14
160,MGC2,14/7/22,PM,0,1,0,0,NA,,7,14
161,MGC3,14/7/22,AM,0,0,0,0,NA,,7,14
162,MGC3,14/7/22,PM,0,1,0,0,NA,,7,14
163,MGC4,14/7/22,AM,1,1,0,0,NA,,7,14
164,MGC4,14/7/22,PM,0,1,0,0,NA,,7,14
165,MGC5,14/7/22,AM,1,1,1,0,NA,,7,14
166,MGC5,14/7/22,PM,1,1,0,0,NA,,7,14
167,MGC6,14/7/22,AM,0,1,0,0,NA,,7,14
168,MGC6,14/7/22,PM,1,1,0,0,NA,,7,14
169,MGC1,15/7/22,AM,1,0,0,0,NA,,7,15
170,MGC1,15/7/22,PM,1,1,0,0,NA,,7,15
171,MGC2,15/7/22,AM,0,1,0,0,NA,,7,15
172,MGC2,15/7/22,PM,0,1,0,0,NA,,7,15
173,MGC3,15/7/22,AM,0,0,0,0,NA,,7,15
174,MGC3,15/7/22,PM,0,0,0,0,NA,,7,15
175,MGC4,15/7/22,AM,1,1,0,0,NA,,7,15
176,MGC4,15/7/22,PM,0,1,0,0,NA,,7,15
177,MGC5,15/7/22,AM,1,1,0,0,NA,,7,15
178,MGC5,15/7/22,PM,0,1,0,0,NA,,7,15
179,MGC6,15/7/22,AM,1,0,0,0,NA,,7,15
180,MGC6,15/7/22,PM,1,1,0,0,NA,,7,15
181,MGC1,16/7/22,AM,0,1,0,0,NA,,7,16
182,MGC1,16/7/22,PM,0,0,0,0,NA,,7,16
183,MGC2,16/7/22,AM,0,0,0,0,NA,,7,16
184,MGC2,16/7/22,PM,1,1,0,0,NA,,7,16
185,MGC3,16/7/22,AM,0,0,0,0,NA,,7,16
186,MGC3,16/7/22,PM,0,1,0,0,NA,,7,16
187,MGC4,16/7/22,AM,1,1,0,0,NA,,7,16
188,MGC4,16/7/22,PM,1,0,0,0,NA,,7,16
189,MGC5,16/7/22,AM,1,1,0,0,NA,,7,16
190,MGC5,16/7/22,PM,0,1,0,0,NA,,7,16
191,MGC6,16/7/22,AM,1,0,0,0,NA,,7,16
192,MGC6,16/7/22,PM,0,0,0,0,NA,,7,16
193,MGC1,17/7/22,AM,0,1,0,0,NA,,7,17
194,MGC1,17/7/22,PM,0,0,0,0,NA,,7,17
195,MGC2,17/7/22,AM,0,1,0,0,NA,,7,17
196,MGC2,17/7/22,PM,1,1,0,0,NA,,7,17
197,MGC3,17/7/22,AM,1,1,0,0,NA,,7,17
198,MGC3,17/7/22,PM,0,1,0,0,NA,,7,17
199,MGC4,17/7/22,AM,1,1,0,0,NA,,7,17
200,MGC4,17/7/22,PM,0,0,0,0,NA,,7,17
201,MGC5,17/7/22,AM,0,1,0,0,NA,,7,17
202,MGC5,17/7/22,PM,1,1,0,0,NA,,7,17
203,MGC6,17/7/22,AM,1,1,0,0,NA,,7,17
204,MGC6,17/7/22,PM,0,0,0,0,NA,,7,17
205,MGC1,18/7/22,AM,0,0,0,0,0,,7,18
206,MGC1,18/7/22,PM,0,1,0,0,0,,7,18
207,MGC2,18/7/22,AM,0,0,0,0,0,,7,18
208,MGC2,18/7/22,PM,0,0,0,0,0,,7,18
209,MGC3,18/7/22,AM,0,0,0,0,0,,7,18
210,MGC3,18/7/22,PM,0,1,0,0,0,,7,18
211,MGC4,18/7/22,AM,0,0,0,0,0,,7,18
212,MGC4,18/7/22,PM,0,1,0,0,0,,7,18
213,MGC5,18/7/22,AM,0,0,0,0,0,,7,18
214,MGC5,18/7/22,PM,1,1,0,0,0,,7,18
215,MGC6,18/7/22,AM,0,0,0,0,0,,7,18
216,MGC6,18/7/22,PM,0,1,0,0,0,,7,18
217,MGC1,20/7/22,AM,1,NA,0,0,0,,7,20
218,MGC1,20/7/22,PM,0,0,0,0,NA,,7,20
219,MGC2,20/7/22,AM,0,1,0,0,NA,,7,20
220,MGC2,20/7/22,PM,0,1,0,0,NA,,7,20
221,MGC3,20/7/22,AM,1,1,0,0,NA,,7,20
222,MGC3,20/7/22,PM,1,1,0,0,NA,,7,20
223,MGC4,20/7/22,AM,1,1,0,0,NA,,7,20
224,MGC4,20/7/22,PM,1,1,0,0,NA,,7,20
225,MGC5,20/7/22,AM,1,1,0,0,NA,,7,20
226,MGC5,20/7/22,PM,0,0,0,0,NA,,7,20
227,MGC6,20/7/22,AM,0,1,0,0,NA,,7,20
228,MGC6,20/7/22,PM,1,1,0,0,NA,,7,20
229,MGC1,21/7/22,AM,NA,0,0,0,NA,,7,21
230,MGC1,21/7/22,PM,NA,1,0,0,NA,,7,21
231,MGC2,21/7/22,AM,NA,0,0,0,NA,,7,21
232,MGC2,21/7/22,PM,NA,1,0,0,NA,,7,21
233,MGC3,21/7/22,AM,NA,0,0,0,NA,,7,21
234,MGC3,21/7/22,PM,NA,1,0,0,NA,,7,21
235,MGC4,21/7/22,AM,NA,1,0,0,NA,,7,21
236,MGC4,21/7/22,PM,NA,1,0,0,NA,,7,21
237,MGC5,21/7/22,AM,NA,1,0,0,NA,,7,21
238,MGC5,21/7/22,PM,NA,1,0,0,NA,,7,21
239,MGC6,21/7/22,AM,NA,0,0,0,NA,,7,21
240,MGC6,21/7/22,PM,NA,1,0,0,NA,,7,21
241,MGC1,22/7/22,AM,NA,0,0,0,NA,,7,22
242,MGC1,22/7/22,PM,0,0,0,0,NA,,7,22
243,MGC2,22/7/22,AM,NA,0,0,0,NA,,7,22
244,MGC2,22/7/22,PM,1,1,0,0,NA,,7,22
245,MGC3,22/7/22,AM,NA,1,0,0,NA,,7,22
246,MGC3,22/7/22,PM,1,1,0,0,NA,,7,22
247,MGC4,22/7/22,AM,NA,1,0,0,NA,,7,22
248,MGC4,22/7/22,PM,1,0,0,0,NA,,7,22
249,MGC5,22/7/22,AM,NA,1,0,0,NA,,7,22
250,MGC5,22/7/22,PM,0,0,0,0,NA,,7,22
251,MGC6,22/7/22,AM,NA,1,0,0,NA,,7,22
252,MGC6,22/7/22,PM,0,1,0,0,NA,,7,22
253,MGC1,23/7/22,AM,0,1,0,0,NA,,7,23
254,MGC1,23/7/22,PM,0,1,0,0,NA,,7,23
255,MGC2,23/7/22,AM,1,1,0,0,NA,,7,23
256,MGC2,23/7/22,PM,0,1,0,0,NA,,7,23
257,MGC3,23/7/22,AM,0,1,0,0,NA,,7,23
258,MGC3,23/7/22,PM,0,1,0,0,NA,,7,23
259,MGC4,23/7/22,AM,1,1,0,0,NA,,7,23
260,MGC4,23/7/22,PM,1,1,0,0,NA,,7,23
261,MGC5,23/7/22,AM,1,1,0,0,NA,,7,23
262,MGC5,23/7/22,PM,0,1,0,0,NA,,7,23
263,MGC6,23/7/22,AM,0,1,0,0,NA,,7,23
264,MGC6,23/7/22,PM,1,1,0,0,NA,,7,23
265,MGC1,24/7/22,AM,0,0,0,0,NA,,7,24
266,MGC1,24/7/22,PM,0,0,0,0,NA,,7,24
267,MGC2,24/7/22,AM,1,1,0,0,NA,,7,24
268,MGC2,24/7/22,PM,0,0,0,0,NA,,7,24
269,MGC3,24/7/22,AM,0,1,0,0,NA,,7,24
270,MGC3,24/7/22,PM,0,1,0,0,NA,,7,24
271,MGC4,24/7/22,AM,1,1,0,0,NA,,7,24
272,MGC4,24/7/22,PM,1,1,0,0,NA,,7,24
273,MGC5,24/7/22,AM,0,1,0,0,NA,,7,24
274,MGC5,24/7/22,PM,1,1,0,0,NA,,7,24
275,MGC6,24/7/22,AM,1,0,0,0,NA,,7,24
276,MGC6,24/7/22,PM,0,0,0,0,NA,,7,24
277,MGC1,25/7/22,AM,NA,NA,NA,NA,NA,,7,25
278,MGC1,25/7/22,PM,0,1,0,0,NA,,7,25
279,MGC2,25/7/22,AM,NA,NA,NA,NA,NA,,7,25
280,MGC2,25/7/22,PM,0,1,0,0,NA,,7,25
281,MGC3,25/7/22,AM,NA,NA,NA,NA,NA,,7,25
282,MGC3,25/7/22,PM,1,1,0,0,NA,,7,25
283,MGC4,25/7/22,AM,NA,NA,NA,NA,NA,,7,25
284,MGC4,25/7/22,PM,1,1,0,0,NA,,7,25
285,MGC5,25/7/22,AM,NA,NA,NA,NA,NA,,7,25
286,MGC5,25/7/22,PM,0,1,0,0,NA,,7,25
287,MGC6,25/7/22,AM,NA,NA,NA,NA,NA,,7,25
288,MGC6,25/7/22,PM,0,1,0,0,NA,,7,25
289,MGC1,26/7/22,AM,0,0,0,0,NA,,7,26
290,MGC1,26/7/22,PM,0,0,0,0,NA,,7,26
291,MGC2,26/7/22,AM,0,0,0,0,NA,,7,26
292,MGC2,26/7/22,PM,0,1,0,0,NA,,7,26
293,MGC3,26/7/22,AM,1,1,0,0,NA,,7,26
294,MGC3,26/7/22,PM,0,1,0,0,NA,,7,26
295,MGC4,26/7/22,AM,0,1,0,0,NA,,7,26
296,MGC4,26/7/22,PM,0,1,0,0,NA,,7,26
297,MGC5,26/7/22,AM,1,0,0,0,NA,,7,26
298,MGC5,26/7/22,PM,1,1,0,0,NA,,7,26
299,MGC6,26/7/22,AM,0,0,0,0,NA,slightly bright,7,26
300,MGC6,26/7/22,PM,1,1,0,0,NA,,7,26
301,MGC1,27/7/22,AM,0,0,0,0,NA,,7,27
302,MGC1,27/7/22,PM,0,0,0,0,NA,,7,27
303,MGC2,27/7/22,AM,0,1,0,0,NA,,7,27
304,MGC2,27/7/22,PM,0,1,0,0,NA,,7,27
305,MGC3,27/7/22,AM,0,0,0,0,NA,,7,27
306,MGC3,27/7/22,PM,0,0,0,0,NA,,7,27
307,MGC4,27/7/22,AM,1,1,0,0,NA,,7,27
308,MGC4,27/7/22,PM,1,1,0,0,NA,,7,27
309,MGC5,27/7/22,AM,0,1,0,0,NA,,7,27
310,MGC5,27/7/22,PM,1,1,0,0,NA,,7,27
311,MGC6,27/7/22,AM,1,0,0,0,NA,,7,27
312,MGC6,27/7/22,PM,1,1,0,0,NA,,7,27
313,MGC1,28/7/22,AM,0,0,0,0,NA,,7,28
314,MGC1,28/7/22,PM,0,0,0,0,NA,,7,28
315,MGC2,28/7/22,AM,0,1,0,0,NA,,7,28
316,MGC2,28/7/22,PM,1,1,0,0,NA,,7,28
317,MGC3,28/7/22,AM,0,1,0,0,NA,,7,28
318,MGC3,28/7/22,PM,0,1,0,0,NA,,7,28
319,MGC4,28/7/22,AM,1,0,0,0,NA,,7,28
320,MGC4,28/7/22,PM,1,1,0,0,NA,,7,28
321,MGC5,28/7/22,AM,1,1,0,0,NA,,7,28
322,MGC5,28/7/22,PM,0,1,0,0,NA,,7,28
323,MGC6,28/7/22,AM,1,0,0,0,NA,,7,28
324,MGC6,28/7/22,PM,0,1,0,0,NA,,7,28
325,MGC1,29/7/22,AM,0,0,0,0,NA,,7,29
326,MGC1,29/7/22,PM,0,0,0,0,NA,,7,29
327,MGC2,29/7/22,AM,0,0,0,0,NA,,7,29
328,MGC2,29/7/22,PM,0,1,0,0,NA,,7,29
329,MGC3,29/7/22,AM,1,1,0,0,NA,,7,29
330,MGC3,29/7/22,PM,1,1,0,0,NA,,7,29
331,MGC4,29/7/22,AM,1,1,0,0,NA,,7,29
332,MGC4,29/7/22,PM,0,1,0,0,NA,,7,29
333,MGC5,29/7/22,AM,1,1,0,0,NA,,7,29
334,MGC5,29/7/22,PM,0,1,0,0,NA,,7,29
335,MGC6,29/7/22,AM,1,1,0,0,NA,,7,29
336,MGC6,29/7/22,PM,0,1,0,0,NA,,7,29
337,MGC1,30/7/22,AM,0,1,0,0,NA,,7,30
338,MGC1,30/7/22,PM,0,1,0,0,NA,,7,30
339,MGC2,30/7/22,AM,1,1,0,0,NA,,7,30
340,MGC2,30/7/22,PM,0,0,0,0,NA,,7,30
341,MGC3,30/7/22,AM,1,1,0,0,NA,,7,30
342,MGC3,30/7/22,PM,0,0,0,0,NA,,7,30
343,MGC4,30/7/22,AM,1,0,0,0,NA,,7,30
344,MGC4,30/7/22,PM,1,1,0,0,NA,,7,30
345,MGC5,30/7/22,AM,1,1,0,0,NA,,7,30
346,MGC5,30/7/22,PM,1,1,0,0,NA,,7,30
347,MGC6,30/7/22,AM,0,1,0,0,NA,,7,30
348,MGC6,30/7/22,PM,0,1,0,0,NA,,7,30
349,MGC1,31/7/22,AM,0,0,0,0,NA,,7,31
350,MGC1,31/7/22,PM,0,1,0,0,NA,,7,31
351,MGC2,31/7/22,AM,1,1,0,0,NA,,7,31
352,MGC2,31/7/22,PM,0,1,0,0,NA,,7,31
353,MGC3,31/7/22,AM,1,1,0,0,NA,,7,31
354,MGC3,31/7/22,PM,1,0,0,0,NA,,7,31
355,MGC4,31/7/22,AM,0,0,0,0,NA,,7,31
356,MGC4,31/7/22,PM,1,1,0,0,NA,,7,31
357,MGC5,31/7/22,AM,0,1,0,0,NA,,7,31
358,MGC5,31/7/22,PM,1,1,0,0,NA,,7,31
359,MGC6,31/7/22,AM,1,1,0,0,NA,,7,31
360,MGC6,31/7/22,PM,0,0,0,0,NA,,7,31
361,MGC1,1/8/22,AM,0,1,0,0,NA,,8,1
362,MGC1,1/8/22,PM,0,1,0,0,NA,,8,1
363,MGC2,1/8/22,AM,0,1,0,0,NA,,8,1
364,MGC2,1/8/22,PM,1,1,0,0,NA,,8,1
365,MGC3,1/8/22,AM,0,1,0,0,NA,,8,1
366,MGC3,1/8/22,PM,0,1,0,0,NA,,8,1
367,MGC4,1/8/22,AM,1,1,0,0,NA,,8,1
368,MGC4,1/8/22,PM,0,1,0,0,NA,,8,1
369,MGC5,1/8/22,AM,1,1,0,0,NA,,8,1
370,MGC5,1/8/22,PM,1,1,0,0,NA,,8,1
371,MGC6,1/8/22,AM,1,1,0,0,NA,colour darker,8,1
372,MGC6,1/8/22,PM,0,1,0,0,NA,,8,1
373,MGC1,2/8/22,AM,NA,NA,NA,NA,NA,,8,2
374,MGC1,2/8/22,PM,0,1,0,0,NA,,8,2
375,MGC2,2/8/22,AM,NA,NA,NA,NA,NA,,8,2
376,MGC2,2/8/22,PM,0,1,0,0,NA,,8,2
377,MGC3,2/8/22,AM,NA,NA,NA,NA,NA,,8,2
378,MGC3,2/8/22,PM,1,1,0,0,NA,,8,2
379,MGC4,2/8/22,AM,NA,NA,NA,NA,NA,,8,2
380,MGC4,2/8/22,PM,1,1,0,0,NA,,8,2
381,MGC5,2/8/22,AM,NA,NA,NA,NA,NA,,8,2
382,MGC5,2/8/22,PM,0,1,0,0,NA,,8,2
383,MGC6,2/8/22,AM,NA,NA,NA,NA,NA,,8,2
384,MGC6,2/8/22,PM,0,1,0,0,NA,,8,2
385,MGC1,3/8/22,AM,0,1,0,0,NA,,8,3
386,MGC1,3/8/22,PM,0,1,0,0,NA,,8,3
387,MGC2,3/8/22,AM,0,1,0,0,NA,,8,3
388,MGC2,3/8/22,PM,0,1,0,0,NA,,8,3
389,MGC3,3/8/22,AM,0,1,0,0,NA,,8,3
390,MGC3,3/8/22,PM,0,1,0,0,NA,,8,3
391,MGC4,3/8/22,AM,0,1,0,0,NA,,8,3
392,MGC4,3/8/22,PM,1,1,0,0,NA,,8,3
393,MGC5,3/8/22,AM,1,1,0,0,NA,,8,3
394,MGC5,3/8/22,PM,1,1,0,0,NA,,8,3
395,MGC6,3/8/22,AM,0,1,0,0,NA,slightly bright,8,3
396,MGC6,3/8/22,PM,1,1,0,0,NA,,8,3
397,MGC1,4/8/22,AM,NA,NA,NA,NA,NA,,8,4
398,MGC1,4/8/22,PM,1,1,0,0,NA,,8,4
399,MGC2,4/8/22,AM,NA,NA,NA,NA,NA,,8,4
400,MGC2,4/8/22,PM,1,1,0,0,NA,,8,4
401,MGC3,4/8/22,AM,NA,NA,NA,NA,NA,,8,4
402,MGC3,4/8/22,PM,1,1,0,0,NA,,8,4
403,MGC4,4/8/22,AM,NA,NA,NA,NA,NA,,8,4
404,MGC4,4/8/22,PM,0,1,0,0,NA,,8,4
405,MGC5,4/8/22,AM,NA,NA,NA,NA,NA,,8,4
406,MGC5,4/8/22,PM,0,1,0,0,NA,,8,4
407,MGC6,4/8/22,AM,NA,NA,NA,NA,NA,,8,4
408,MGC6,4/8/22,PM,1,1,0,0,NA,darker,8,4
409,MGC1,5/8/22,AM,0,1,0,0,NA,,8,5
410,MGC1,5/8/22,PM,0,1,0,0,NA,,8,5
411,MGC2,5/8/22,AM,1,1,0,0,NA,,8,5
412,MGC2,5/8/22,PM,1,1,0,0,NA,,8,5
413,MGC3,5/8/22,AM,1,1,0,0,NA,,8,5
414,MGC3,5/8/22,PM,1,1,0,0,NA,,8,5
415,MGC4,5/8/22,AM,0,1,0,0,NA,,8,5
416,MGC4,5/8/22,PM,1,1,0,0,NA,,8,5
417,MGC5,5/8/22,AM,1,1,0,0,NA,,8,5
418,MGC5,5/8/22,PM,1,1,0,0,NA,,8,5
419,MGC6,5/8/22,AM,1,1,0,0,NA,,8,5
420,MGC6,5/8/22,PM,1,1,0,0,NA,,8,5
421,MGC1,6/8/22,AM,0,0,0,0,NA,,8,6
422,MGC1,6/8/22,PM,0,1,0,0,NA,,8,6
423,MGC2,6/8/22,AM,0,1,0,0,NA,,8,6
424,MGC2,6/8/22,PM,0,1,0,0,NA,,8,6
425,MGC3,6/8/22,AM,1,1,0,0,NA,,8,6
426,MGC3,6/8/22,PM,0,1,0,0,NA,,8,6
427,MGC4,6/8/22,AM,1,1,0,0,NA,,8,6
428,MGC4,6/8/22,PM,1,1,0,0,NA,,8,6
429,MGC5,6/8/22,AM,1,1,0,0,NA,,8,6
430,MGC5,6/8/22,PM,1,1,0,0,NA,,8,6
431,MGC6,6/8/22,AM,0,0,0,0,NA,,8,6
432,MGC6,6/8/22,PM,0,0,0,0,NA,,8,6
433,MGC1,7/8/22,AM,0,0,0,0,NA,,8,7
434,MGC1,7/8/22,PM,0,0,0,0,NA,,8,7
435,MGC2,7/8/22,AM,1,1,0,0,NA,,8,7
436,MGC2,7/8/22,PM,1,1,0,0,NA,,8,7
437,MGC3,7/8/22,AM,0,1,0,0,NA,,8,7
438,MGC3,7/8/22,PM,0,1,0,0,NA,,8,7
439,MGC4,7/8/22,AM,1,1,0,0,NA,,8,7
440,MGC4,7/8/22,PM,1,1,0,0,NA,,8,7
441,MGC5,7/8/22,AM,0,1,0,0,NA,,8,7
442,MGC5,7/8/22,PM,0,1,0,0,NA,,8,7
443,MGC6,7/8/22,AM,0,1,0,0,NA,,8,7
444,MGC6,7/8/22,PM,0,1,0,0,NA,,8,7
445,MGC1,8/8/22,AM,0,1,0,0,NA,,8,8
446,MGC1,8/8/22,PM,0,1,0,0,NA,,8,8
447,MGC2,8/8/22,AM,0,1,0,0,NA,,8,8
448,MGC2,8/8/22,PM,0,1,0,0,NA,,8,8
449,MGC3,8/8/22,AM,1,1,0,0,NA,,8,8
450,MGC3,8/8/22,PM,1,1,0,0,NA,,8,8
451,MGC4,8/8/22,AM,0,1,0,0,NA,,8,8
452,MGC4,8/8/22,PM,1,1,0,0,NA,,8,8
453,MGC5,8/8/22,AM,1,1,0,0,NA,,8,8
454,MGC5,8/8/22,PM,1,1,0,0,NA,,8,8
455,MGC6,8/8/22,AM,1,1,0,0,NA,darker,8,8
456,MGC6,8/8/22,PM,0,0,0,0,NA,darker,8,8
457,MGC1,9/8/22,AM,1,1,0,0,NA,,8,9
458,MGC1,9/8/22,PM,0,1,0,0,NA,,8,9
459,MGC2,9/8/22,AM,0,1,0,0,NA,darker,8,9
460,MGC2,9/8/22,PM,1,1,0,0,NA,darker,8,9
461,MGC3,9/8/22,AM,0,1,0,0,NA,,8,9
462,MGC3,9/8/22,PM,0,1,0,0,NA,,8,9
463,MGC4,9/8/22,AM,1,1,0,0,NA,,8,9
464,MGC4,9/8/22,PM,1,1,0,0,NA,,8,9
465,MGC5,9/8/22,AM,1,1,0,0,NA,,8,9
466,MGC5,9/8/22,PM,0,1,0,0,NA,,8,9
467,MGC6,9/8/22,AM,1,0,0,0,NA,darker,8,9
468,MGC6,9/8/22,PM,1,1,0,0,NA,darker,8,9
469,MGC1,10/8/22,AM,1,0,0,0,NA,,8,10
470,MGC1,10/8/22,PM,0,1,0,0,NA,,8,10
471,MGC2,10/8/22,AM,1,1,0,0,NA,,8,10
472,MGC2,10/8/22,PM,1,1,0,0,NA,,8,10
473,MGC3,10/8/22,AM,1,1,0,0,NA,,8,10
474,MGC3,10/8/22,PM,1,1,0,0,NA,,8,10
475,MGC4,10/8/22,AM,1,1,0,0,NA,,8,10
476,MGC4,10/8/22,PM,1,1,0,0,NA,,8,10
477,MGC5,10/8/22,AM,0,1,0,0,NA,,8,10
478,MGC5,10/8/22,PM,1,1,0,0,NA,,8,10
479,MGC6,10/8/22,AM,1,1,0,0,NA,,8,10
480,MGC6,10/8/22,PM,1,0,0,0,NA,,8,10
481,MGC1,11/8/22,AM,0,0,0,0,NA,slightly darker,8,11
482,MGC1,11/8/22,PM,0,1,0,0,NA,,8,11
483,MGC2,11/8/22,AM,0,0,0,0,NA,,8,11
484,MGC2,11/8/22,PM,0,0,0,0,NA,,8,11
485,MGC3,11/8/22,AM,1,1,0,0,NA,,8,11
486,MGC3,11/8/22,PM,1,1,0,0,NA,,8,11
487,MGC4,11/8/22,AM,1,1,0,0,NA,,8,11
488,MGC4,11/8/22,PM,1,1,0,0,NA,,8,11
489,MGC5,11/8/22,AM,1,1,0,0,NA,,8,11
490,MGC5,11/8/22,PM,1,1,0,0,NA,,8,11
491,MGC6,11/8/22,AM,0,0,0,0,NA,,8,11
492,MGC6,11/8/22,PM,1,0,0,0,NA,,8,11
493,MGC1,12/8/22,AM,0,0,0,0,NA,,8,12
494,MGC1,12/8/22,PM,1,1,0,0,NA,,8,12
495,MGC2,12/8/22,AM,0,0,0,0,NA,,8,12
496,MGC2,12/8/22,PM,0,0,0,0,NA,,8,12
497,MGC3,12/8/22,AM,1,1,0,0,NA,,8,12
498,MGC3,12/8/22,PM,1,1,0,0,NA,,8,12
499,MGC4,12/8/22,AM,1,1,0,0,NA,,8,12
500,MGC4,12/8/22,PM,0,1,0,0,NA,,8,12
501,MGC5,12/8/22,AM,1,1,0,0,NA,,8,12
502,MGC5,12/8/22,PM,1,1,0,0,NA,,8,12
503,MGC6,12/8/22,AM,0,0,0,0,NA,,8,12
504,MGC6,12/8/22,PM,0,0,0,0,NA,,8,12
505,MGC1,13/8/22,AM,0,1,0,0,NA,,8,13
506,MGC1,13/8/22,PM,0,1,0,0,NA,,8,13
507,MGC2,13/8/22,AM,1,1,0,0,NA,,8,13
508,MGC2,13/8/22,PM,1,1,0,0,NA,,8,13
509,MGC3,13/8/22,AM,1,1,0,0,NA,,8,13
510,MGC3,13/8/22,PM,0,1,0,0,NA,,8,13
511,MGC4,13/8/22,AM,1,1,0,0,NA,,8,13
512,MGC4,13/8/22,PM,1,1,0,0,NA,,8,13
513,MGC5,13/8/22,AM,0,1,0,0,NA,,8,13
514,MGC5,13/8/22,PM,1,1,0,0,NA,,8,13
515,MGC6,13/8/22,AM,1,1,0,0,NA,,8,13
516,MGC6,13/8/22,PM,0,1,0,0,NA,,8,13
517,MGC1,14/8/22,AM,1,1,0,0,NA,,8,14
518,MGC1,14/8/22,PM,1,1,0,0,NA,,8,14
519,MGC2,14/8/22,AM,1,1,0,0,NA,,8,14
520,MGC2,14/8/22,PM,0,1,0,0,NA,,8,14
521,MGC3,14/8/22,AM,1,1,0,0,NA,,8,14
522,MGC3,14/8/22,PM,1,1,0,0,NA,,8,14
523,MGC4,14/8/22,AM,1,1,0,0,NA,,8,14
524,MGC4,14/8/22,PM,1,1,0,0,NA,,8,14
525,MGC5,14/8/22,AM,0,1,0,0,NA,,8,14
526,MGC5,14/8/22,PM,0,1,0,0,NA,,8,14
527,MGC6,14/8/22,AM,0,1,0,0,NA,,8,14
528,MGC6,14/8/22,PM,0,1,0,0,NA,,8,14
529,MGC1,15/8/22,AM,1,1,0,0,NA,,8,15
530,MGC1,15/8/22,PM,1,1,0,0,NA,,8,15
531,MGC2,15/8/22,AM,0,1,0,0,NA,,8,15
532,MGC2,15/8/22,PM,0,1,0,0,NA,,8,15
533,MGC3,15/8/22,AM,1,1,0,0,NA,,8,15
534,MGC3,15/8/22,PM,1,1,0,0,NA,,8,15
535,MGC4,15/8/22,AM,1,0,0,0,NA,,8,15
536,MGC4,15/8/22,PM,1,0,0,0,NA,,8,15
537,MGC5,15/8/22,AM,0,0,0,0,NA,,8,15
538,MGC5,15/8/22,PM,1,0,0,0,NA,,8,15
539,MGC6,15/8/22,AM,0,1,0,0,NA,,8,15
540,MGC6,15/8/22,PM,1,1,0,0,NA,,8,15
541,MGC1,16/8/22,AM,0,1,0,0,NA,,8,16
542,MGC1,16/8/22,PM,0,1,0,0,NA,,8,16
543,MGC2,16/8/22,AM,0,0,0,0,NA,,8,16
544,MGC2,16/8/22,PM,1,1,0,0,NA,,8,16
545,MGC3,16/8/22,AM,1,1,0,0,NA,,8,16
546,MGC3,16/8/22,PM,1,1,0,0,NA,,8,16
547,MGC4,16/8/22,AM,1,1,0,0,NA,,8,16
548,MGC4,16/8/22,PM,1,1,0,0,NA,,8,16
549,MGC5,16/8/22,AM,1,1,0,0,NA,,8,16
550,MGC5,16/8/22,PM,1,1,0,0,NA,,8,16
551,MGC6,16/8/22,AM,1,1,0,0,NA,,8,16
552,MGC6,16/8/22,PM,1,0,0,0,NA,,8,16
553,MGC1,17/8/22,AM,0,1,0,0,NA,,8,17
554,MGC1,17/8/22,PM,1,1,0,0,NA,,8,17
555,MGC2,17/8/22,AM,0,1,0,0,NA,,8,17
556,MGC2,17/8/22,PM,1,1,0,0,NA,,8,17
557,MGC3,17/8/22,AM,0,1,0,0,NA,,8,17
558,MGC3,17/8/22,PM,1,1,0,0,NA,,8,17
559,MGC4,17/8/22,AM,1,1,0,0,NA,,8,17
560,MGC4,17/8/22,PM,1,1,0,0,NA,,8,17
561,MGC5,17/8/22,AM,0,0,0,0,NA,,8,17
562,MGC5,17/8/22,PM,1,1,0,0,NA,,8,17
563,MGC6,17/8/22,AM,0,0,0,0,NA,,8,17
564,MGC6,17/8/22,PM,1,0,0,0,NA,,8,17
565,MGC1,18/8/22,AM,0,1,0,0,NA,,8,18
566,MGC1,18/8/22,PM,0,1,0,0,NA,,8,18
567,MGC2,18/8/22,AM,1,1,0,0,NA,,8,18
568,MGC2,18/8/22,PM,0,1,0,0,NA,,8,18
569,MGC3,18/8/22,AM,0,1,0,0,NA,,8,18
570,MGC3,18/8/22,PM,0,1,0,0,NA,,8,18
571,MGC4,18/8/22,AM,1,1,0,0,NA,,8,18
572,MGC4,18/8/22,PM,0,1,0,0,NA,,8,18
573,MGC5,18/8/22,AM,1,1,0,0,NA,,8,18
574,MGC5,18/8/22,PM,1,1,0,0,NA,,8,18
575,MGC6,18/8/22,AM,1,0,0,0,NA,,8,18
576,MGC6,18/8/22,PM,0,1,0,0,NA,,8,18
577,MGC1,19/8/22,AM,0,1,0,0,NA,,8,19
578,MGC1,19/8/22,PM,0,1,0,0,NA,,8,19
579,MGC2,19/8/22,AM,1,1,0,0,NA,,8,19
580,MGC2,19/8/22,PM,0,1,0,0,NA,,8,19
581,MGC3,19/8/22,AM,0,1,0,0,NA,,8,19
582,MGC3,19/8/22,PM,0,1,0,0,NA,,8,19
583,MGC4,19/8/22,AM,1,1,0,0,NA,,8,19
584,MGC4,19/8/22,PM,1,1,0,0,NA,,8,19
585,MGC5,19/8/22,AM,1,1,0,0,NA,,8,19
586,MGC5,19/8/22,PM,1,1,0,0,NA,,8,19
587,MGC6,19/8/22,AM,0,0,0,0,NA,,8,19
588,MGC6,19/8/22,PM,0,0,0,0,NA,,8,19
589,MGC1,21/8/22,AM,1,1,0,0,NA,,8,21
590,MGC1,21/8/22,PM,NA,1,0,0,NA,,8,21
591,MGC2,21/8/22,AM,1,1,0,0,NA,,8,21
592,MGC2,21/8/22,PM,NA,1,0,0,NA,,8,21
593,MGC3,21/8/22,AM,1,1,0,0,NA,,8,21
594,MGC3,21/8/22,PM,NA,1,0,0,NA,,8,21
595,MGC4,21/8/22,AM,1,1,0,0,NA,,8,21
596,MGC4,21/8/22,PM,NA,1,0,0,NA,,8,21
597,MGC5,21/8/22,AM,0,0,0,0,NA,,8,21
598,MGC5,21/8/22,PM,NA,1,0,0,NA,,8,21
599,MGC6,21/8/22,AM,1,0,0,0,NA,,8,21
600,MGC6,21/8/22,PM,NA,1,0,0,NA,,8,21
601,MGC1,22/8/22,AM,NA,NA,0,0,NA,,8,22
602,MGC1,22/8/22,PM,0,1,0,0,NA,,8,22
603,MGC2,22/8/21,AM,NA,NA,0,0,NA,,8,22
604,MGC2,22/8/20,PM,1,1,0,0,NA,,8,22
605,MGC3,22/8/19,AM,NA,NA,0,0,NA,,8,22
606,MGC3,22/8/18,PM,0,1,0,0,NA,,8,22
607,MGC4,22/8/17,AM,NA,NA,0,0,NA,,8,22
608,MGC4,22/8/16,PM,1,1,0,0,NA,,8,22
609,MGC5,22/8/15,AM,NA,NA,0,0,NA,,8,22
610,MGC5,22/8/14,PM,1,1,0,0,NA,,8,22
611,MGC6,22/8/13,AM,NA,NA,0,0,NA,,8,22
612,MGC6,22/8/12,PM,1,0,0,0,NA,,8,22
613,MGC1,23/8/22,AM,1,1,0,0,NA,,8,23
614,MGC1,23/8/22,PM,NA,NA,0,0,NA,,8,23
615,MGC2,23/8/22,AM,1,1,0,0,NA,,8,23
616,MGC2,23/8/22,PM,NA,NA,0,0,NA,,8,23
617,MGC3,23/8/22,AM,0,0,0,0,NA,,8,23
618,MGC3,23/8/22,PM,NA,NA,0,1,NA,,8,23
619,MGC4,23/8/22,AM,1,1,0,0,NA,,8,23
620,MGC4,23/8/22,PM,NA,NA,0,0,NA,,8,23
621,MGC5,23/8/22,AM,1,0,0,0,NA,,8,23
622,MGC5,23/8/22,PM,NA,NA,0,0,NA,,8,23
623,MGC6,23/8/22,AM,0,1,0,0,NA,,8,23
624,MGC6,23/8/22,PM,NA,NA,0,1,NA,,8,23
625,MGC1,24/8/22,AM,1,1,0,0,NA,,8,24
626,MGC1,24/8/22,PM,1,1,0,0,NA,,8,24
627,MGC2,24/8/22,AM,0,1,0,0,NA,,8,24
628,MGC2,24/8/22,PM,0,1,0,0,NA,,8,24
629,MGC3,24/8/22,AM,1,0,0,1,NA,,8,24
630,MGC3,24/8/22,PM,1,1,0,1,NA,,8,24
631,MGC4,24/8/22,AM,1,1,0,0,NA,,8,24
632,MGC4,24/8/22,PM,0,1,0,0,NA,,8,24
633,MGC5,24/8/22,AM,0,0,0,0,NA,,8,24
634,MGC5,24/8/22,PM,1,1,0,0,NA,,8,24
635,MGC6,24/8/22,AM,1,1,0,0,NA,,8,24
636,MGC6,24/8/22,PM,0,0,0,0,NA,,8,24
637,MGC1,25/8/22,AM,1,1,0,0,NA,,8,25
638,MGC1,25/8/22,PM,0,1,0,0,NA,,8,25
639,MGC2,25/8/22,AM,0,1,0,0,NA,,8,25
640,MGC2,25/8/22,PM,0,0,0,0,NA,,8,25
641,MGC3,25/8/22,AM,0,0,0,1,NA,,8,25
642,MGC3,25/8/22,PM,0,0,0,1,NA,,8,25
643,MGC4,25/8/22,AM,0,0,0,1,NA,,8,25
644,MGC4,25/8/22,PM,1,0,0,0,NA,,8,25
645,MGC5,25/8/22,AM,0,0,0,1,NA,,8,25
646,MGC5,25/8/22,PM,1,1,0,0,NA,,8,25
647,MGC6,25/8/22,AM,0,0,0,1,NA,,8,25
648,MGC6,25/8/22,PM,0,0,0,0,NA,,8,25
649,MGC1,26/8/22,AM,0,1,0,0,NA,,8,26
650,MGC1,26/8/22,PM,0,1,0,0,NA,,8,26
651,MGC2,26/8/22,AM,0,1,0,0,NA,,8,26
652,MGC2,26/8/22,PM,0,1,0,0,NA,,8,26
653,MGC3,26/8/22,AM,0,1,0,1,NA,,8,26
654,MGC3,26/8/22,PM,0,1,0,1,NA,,8,26
655,MGC4,26/8/22,AM,1,1,0,0,NA,,8,26
656,MGC4,26/8/22,PM,1,1,0,0,NA,,8,26
657,MGC5,26/8/22,AM,0,0,0,0,NA,,8,26
658,MGC5,26/8/22,PM,1,1,0,0,NA,,8,26
659,MGC6,26/8/22,AM,1,0,0,0,NA,,8,26
660,MGC6,26/8/22,PM,1,0,0,0,NA,,8,26
661,MGC1,27/8/22,AM,1,1,0,0,NA,,8,27
662,MGC1,27/8/22,PM,0,0,0,0,NA,,8,27
663,MGC2,27/8/22,AM,0,1,0,0,NA,,8,27
664,MGC2,27/8/22,PM,0,0,0,0,NA,,8,27
665,MGC3,27/8/22,AM,1,1,0,0,NA,,8,27
666,MGC3,27/8/22,PM,0,1,0,0,NA,,8,27
667,MGC4,27/8/22,AM,1,1,0,0,NA,,8,27
668,MGC4,27/8/22,PM,0,1,0,0,NA,,8,27
669,MGC5,27/8/22,AM,0,1,0,0,NA,,8,27
670,MGC5,27/8/22,PM,0,0,0,0,NA,,8,27
671,MGC6,27/8/22,AM,1,0,0,0,NA,,8,27
672,MGC6,27/8/22,PM,0,0,0,0,NA,,8,27
673,MGC1,28/8/22,AM,0,1,0,0,NA,,8,28
674,MGC1,28/8/22,PM,1,1,0,0,NA,,8,28
675,MGC2,28/8/22,AM,0,1,0,0,NA,,8,28
676,MGC2,28/8/22,PM,0,1,0,0,NA,,8,28
677,MGC3,28/8/22,AM,1,0,0,0,NA,,8,28
678,MGC3,28/8/22,PM,0,1,0,0,NA,,8,28
679,MGC4,28/8/22,AM,0,1,0,0,NA,,8,28
680,MGC4,28/8/22,PM,1,1,0,0,NA,,8,28
681,MGC5,28/8/22,AM,1,1,0,0,NA,,8,28
682,MGC5,28/8/22,PM,0,0,0,0,NA,,8,28
683,MGC6,28/8/22,AM,0,0,0,0,NA,,8,28
684,MGC6,28/8/22,PM,0,0,0,0,NA,,8,28
685,MGC1,29/8/22,AM,1,1,0,0,NA,,8,29
686,MGC1,29/8/22,PM,1,1,0,0,NA,,8,29
687,MGC2,29/8/22,AM,0,0,0,0,NA,,8,29
688,MGC2,29/8/22,PM,1,0,0,0,NA,,8,29
689,MGC3,29/8/22,AM,1,0,0,0,NA,,8,29
690,MGC3,29/8/22,PM,1,1,0,0,NA,,8,29
691,MGC4,29/8/22,AM,0,0,0,0,NA,,8,29
692,MGC4,29/8/22,PM,0,1,0,0,NA,,8,29
693,MGC5,29/8/22,AM,1,1,0,0,NA,,8,29
694,MGC5,29/8/22,PM,0,0,0,0,NA,,8,29
695,MGC6,29/8/22,AM,1,0,0,0,NA,,8,29
696,MGC6,29/8/22,PM,0,0,0,0,NA,,8,29
697,MGC1,30/8/22,AM,0,1,0,0,NA,keuh eaten by other,8,30
698,MGC1,30/8/22,PM,0,1,0,0,NA,,8,30
699,MGC2,30/8/22,AM,0,1,0,0,NA,keuh eaten by other,8,30
700,MGC2,30/8/22,PM,0,0,0,0,NA,,8,30
701,MGC3,30/8/22,AM,0,1,0,0,NA,keuh eaten by other,8,30
702,MGC3,30/8/22,PM,0,1,0,0,NA,,8,30
703,MGC4,30/8/22,AM,0,1,0,0,NA,keuh eaten by other,8,30
704,MGC4,30/8/22,PM,0,1,0,0,NA,,8,30
705,MGC5,30/8/22,AM,0,0,0,0,NA,keuh eaten by other,8,30
706,MGC5,30/8/22,PM,0,0,0,0,NA,,8,30
707,MGC6,30/8/22,AM,0,0,0,0,NA,keuh eaten by other,8,30
708,MGC6,30/8/22,PM,0,1,0,0,NA,,8,30
709,MGC1,31/8/22,AM,1,1,0,0,0,,8,31
710,MGC1,31/8/22,PM,1,1,0,0,0,,8,31
711,MGC2,31/8/22,AM,0,1,0,0,0,,8,31
712,MGC2,31/8/22,PM,0,1,0,0,0,,8,31
713,MGC3,31/8/22,AM,0,0,1,1,1,,8,31
714,MGC3,31/8/22,PM,0,0,1,1,1,,8,31
715,MGC4,31/8/22,AM,0,1,0,1,0,,8,31
716,MGC4,31/8/22,PM,0,0,1,1,0,,8,31
717,MGC5,31/8/22,AM,0,0,1,1,0,,8,31
718,MGC5,31/8/22,PM,0,0,1,1,0,,8,31
719,MGC6,31/8/22,AM,1,0,0,0,0,,8,31
720,MGC6,31/8/22,PM,1,0,0,0,0,,8,31
721,MGC1,1/9/22,AM,0,1,0,0,NA,,9,1
722,MGC1,1/9/22,PM,NA,NA,NA,NA,NA,,9,1
723,MGC2,1/9/22,AM,1,1,0,0,NA,,9,1
724,MGC2,1/9/22,PM,NA,NA,NA,NA,NA,,9,1
725,MGC3,1/9/22,AM,0,0,1,1,NA,,9,1
726,MGC3,1/9/22,PM,NA,NA,NA,NA,NA,,9,1
727,MGC4,1/9/22,AM,0,0,1,1,NA,,9,1
728,MGC4,1/9/22,PM,NA,NA,NA,NA,NA,,9,1
729,MGC5,1/9/22,AM,0,0,1,1,NA,,9,1
730,MGC5,1/9/22,PM,NA,NA,NA,NA,NA,,9,1
731,MGC6,1/9/22,AM,1,1,0,0,NA,,9,1
732,MGC6,1/9/22,PM,NA,NA,NA,NA,NA,,9,1
733,MGC1,2/9/22,AM,1,1,0,0,NA,,9,2
734,MGC1,2/9/22,PM,1,1,0,0,NA,,9,2
735,MGC2,2/9/22,AM,1,1,0,0,NA,,9,2
736,MGC2,2/9/22,PM,1,1,0,0,NA,,9,2
737,MGC3,2/9/22,AM,0,0,0,1,NA,,9,2
738,MGC3,2/9/22,PM,0,0,0,1,NA,,9,2
739,MGC4,2/9/22,AM,1,0,0,1,NA,,9,2
740,MGC4,2/9/22,PM,1,0,0,1,NA,,9,2
741,MGC5,2/9/22,AM,0,0,0,0,NA,,9,2
742,MGC5,2/9/22,PM,0,0,0,0,NA,,9,2
743,MGC6,2/9/22,AM,1,0,0,0,NA,,9,2
744,MGC6,2/9/22,PM,1,0,0,0,NA,,9,2
745,MGC1,3/9/22,AM,1,1,0,0,NA,,9,3
746,MGC1,3/9/22,PM,0,0,0,0,NA,,9,3
747,MGC2,3/9/22,AM,1,1,0,0,NA,,9,3
748,MGC2,3/9/22,PM,0,0,0,0,NA,,9,3
749,MGC3,3/9/22,AM,1,1,0,0,NA,,9,3
750,MGC3,3/9/22,PM,0,0,0,0,NA,,9,3
751,MGC4,3/9/22,AM,0,0,0,1,NA,,9,3
752,MGC4,3/9/22,PM,0,0,0,1,NA,,9,3
753,MGC5,3/9/22,AM,0,0,0,0,NA,,9,3
754,MGC5,3/9/22,PM,0,0,0,0,NA,,9,3
755,MGC6,3/9/22,AM,1,0,0,0,NA,,9,3
756,MGC6,3/9/22,PM,0,0,0,0,NA,,9,3
757,MGC1,4/9/22,AM,1,1,0,0,0,,9,4
758,MGC1,4/9/22,PM,1,1,0,0,0,,9,4
759,MGC2,4/9/22,AM,1,1,0,0,0,,9,4
760,MGC2,4/9/22,PM,0,1,0,0,0,,9,4
761,MGC3,4/9/22,AM,0,0,0,0,0,,9,4
762,MGC3,4/9/22,PM,0,0,0,0,0,,9,4
763,MGC4,4/9/22,AM,0,1,0,1,0,,9,4
764,MGC4,4/9/22,PM,0,0,0,1,0,,9,4
765,MGC5,4/9/22,AM,0,0,0,0,0,,9,4
766,MGC5,4/9/22,PM,0,0,0,0,0,,9,4
767,MGC6,4/9/22,AM,0,0,1,1,1,,9,4
768,MGC6,4/9/22,PM,0,0,1,1,1,,9,4
769,MGC1,5/9/22,AM,1,1,0,0,0,,9,5
770,MGC1,5/9/22,PM,1,1,0,0,0,,9,5
771,MGC2,5/9/22,AM,1,1,0,0,0,,9,5
772,MGC2,5/9/22,PM,0,1,0,0,0,,9,5
773,MGC3,5/9/22,AM,0,0,1,1,1,,9,5
774,MGC3,5/9/22,PM,0,0,1,1,1,,9,5
775,MGC4,5/9/22,AM,0,0,1,1,0,,9,5
776,MGC4,5/9/22,PM,0,0,1,1,1,,9,5
777,MGC5,5/9/22,AM,0,0,1,0,0,,9,5
778,MGC5,5/9/22,PM,0,0,1,0,1,,9,5
779,MGC6,5/9/22,AM,0,0,1,1,0,,9,5
780,MGC6,5/9/22,PM,0,0,1,1,1,,9,5
781,MGC1,6/9/22,AM,1,0,0,0,0,,9,6
782,MGC1,6/9/22,PM,1,1,0,0,0,,9,6
783,MGC2,6/9/22,AM,1,0,0,0,0,,9,6
784,MGC2,6/9/22,PM,0,0,1,0,1,,9,6
785,MGC3,6/9/22,AM,0,0,1,1,1,,9,6
786,MGC3,6/9/22,PM,0,0,1,1,0,,9,6
787,MGC4,6/9/22,AM,0,0,1,1,1,,9,6
788,MGC4,6/9/22,PM,0,0,1,1,1,,9,6
789,MGC5,6/9/22,AM,0,0,0,0,0,,9,6
790,MGC5,6/9/22,PM,0,0,1,0,1,,9,6
791,MGC6,6/9/22,AM,0,0,1,1,1,,9,6
792,MGC6,6/9/22,PM,0,0,1,1,1,,9,6
793,MGC1,7/9/22,AM,0,1,0,0,0,,9,7
794,MGC1,7/9/22,PM,0,1,0,0,0,,9,7
795,MGC2,7/9/22,AM,0,1,0,0,0,,9,7
796,MGC2,7/9/22,PM,0,0,1,1,1,,9,7
797,MGC3,7/9/22,AM,0,0,1,1,1,,9,7
798,MGC3,7/9/22,PM,0,0,1,1,1,,9,7
799,MGC4,7/9/22,AM,0,0,1,1,1,,9,7
800,MGC4,7/9/22,PM,0,0,1,1,1,,9,7
801,MGC5,7/9/22,AM,0,0,1,1,1,,9,7
802,MGC5,7/9/22,PM,0,0,1,1,1,,9,7
803,MGC6,7/9/22,AM,0,0,1,1,1,,9,7
804,MGC6,7/9/22,PM,0,0,1,1,1,,9,7
805,MGC1,8/9/22,AM,1,1,0,0,0,,9,8
806,MGC1,8/9/22,PM,1,1,0,0,0,,9,8
807,MGC2,8/9/22,AM,0,0,0,0,0,,9,8
808,MGC2,8/9/22,PM,0,0,0,0,0,,9,8
809,MGC3,8/9/22,AM,0,0,1,1,1,,9,8
810,MGC3,8/9/22,PM,0,0,1,1,1,,9,8
811,MGC4,8/9/22,AM,0,0,1,1,1,,9,8
812,MGC4,8/9/22,PM,0,0,1,0,0,,9,8
813,MGC5,8/9/22,AM,0,0,1,1,1,,9,8
814,MGC5,8/9/22,PM,0,0,1,0,1,,9,8
815,MGC6,8/9/22,AM,0,0,1,1,1,,9,8
816,MGC6,8/9/22,PM,0,0,1,1,1,,9,8
817,MGC1,9/9/22,AM,1,1,0,0,NA,,9,9
818,MGC1,9/9/22,PM,1,1,0,0,NA,,9,9
819,MGC2,9/9/22,AM,0,0,0,0,NA,,9,9
820,MGC2,9/9/22,PM,0,0,1,1,NA,,9,9
821,MGC3,9/9/22,AM,0,0,1,1,NA,,9,9
822,MGC3,9/9/22,PM,0,0,1,1,NA,,9,9
823,MGC4,9/9/22,AM,0,0,0,1,NA,,9,9
824,MGC4,9/9/22,PM,0,0,0,1,NA,,9,9
825,MGC5,9/9/22,AM,0,0,1,1,NA,,9,9
826,MGC5,9/9/22,PM,0,0,1,1,NA,,9,9
827,MGC6,9/9/22,AM,0,0,1,1,NA,,9,9
828,MGC6,9/9/22,PM,0,0,1,1,NA,,9,9
829,MGC1,10/9/22,AM,1,1,0,0,NA,,9,10
830,MGC1,10/9/22,PM,0,0,0,0,NA,,9,10
831,MGC2,10/9/22,AM,0,0,0,0,NA,,9,10
832,MGC2,10/9/22,PM,0,0,0,0,NA,,9,10
833,MGC3,10/9/22,AM,0,0,0,1,NA,,9,10
834,MGC3,10/9/22,PM,0,0,0,1,NA,,9,10
835,MGC4,10/9/22,AM,0,0,0,1,NA,,9,10
836,MGC4,10/9/22,PM,0,0,0,1,NA,,9,10
837,MGC5,10/9/22,AM,0,0,0,1,NA,,9,10
838,MGC5,10/9/22,PM,0,0,0,1,NA,,9,10
839,MGC6,10/9/22,AM,1,0,0,1,NA,,9,10
840,MGC6,10/9/22,PM,1,0,0,0,NA,,9,10
841,MGC1,11/9/22,AM,1,1,0,0,NA,,9,11
842,MGC1,11/9/22,PM,1,1,0,0,NA,,9,11
843,MGC2,11/9/22,AM,0,0,0,0,NA,,9,11
844,MGC2,11/9/22,PM,0,0,1,1,NA,,9,11
845,MGC3,11/9/22,AM,0,0,0,1,NA,,9,11
846,MGC3,11/9/22,PM,0,0,0,1,NA,,9,11
847,MGC4,11/9/22,AM,0,0,1,1,NA,,9,11
848,MGC4,11/9/22,PM,0,0,1,1,NA,,9,11
849,MGC5,11/9/22,AM,0,0,0,1,NA,,9,11
850,MGC5,11/9/22,PM,0,0,0,1,NA,,9,11
851,MGC6,11/9/22,AM,1,0,0,0,NA,,9,11
852,MGC6,11/9/22,PM,1,0,0,0,NA,,9,11
853,MGC1,12/9/22,AM,1,1,0,0,NA,,9,12
854,MGC1,12/9/22,PM,1,1,0,0,NA,,9,12
855,MGC2,12/9/22,AM,0,0,0,1,NA,,9,12
856,MGC2,12/9/22,PM,0,0,1,1,NA,,9,12
857,MGC3,12/9/22,AM,0,0,0,1,NA,,9,12
858,MGC3,12/9/22,PM,0,0,0,1,NA,,9,12
859,MGC4,12/9/22,AM,0,0,1,1,NA,,9,12
860,MGC4,12/9/22,PM,0,0,1,1,NA,,9,12
861,MGC5,12/9/22,AM,0,0,0,1,NA,,9,12
862,MGC5,12/9/22,PM,0,1,0,1,NA,,9,12
863,MGC6,12/9/22,AM,1,0,0,0,NA,,9,12
864,MGC6,12/9/22,PM,0,0,0,0,NA,,9,12
865,MGC1,13/9/22,AM,1,1,0,0,0,,9,13
866,MGC1,13/9/22,PM,1,0,0,0,0,,9,13
867,MGC2,13/9/22,AM,0,0,0,1,0,,9,13
868,MGC2,13/9/22,PM,0,0,1,1,1,,9,13
869,MGC3,13/9/22,AM,0,0,1,1,1,,9,13
870,MGC3,13/9/22,PM,0,0,1,1,1,,9,13
871,MGC4,13/9/22,AM,0,0,1,1,0,,9,13
872,MGC4,13/9/22,PM,0,0,1,1,1,,9,13
873,MGC5,13/9/22,AM,0,0,1,1,0,,9,13
874,MGC5,13/9/22,PM,0,0,1,1,1,,9,13
875,MGC6,13/9/22,AM,1,0,1,1,1,,9,13
876,MGC6,13/9/22,PM,1,0,1,1,1,,9,13
877,MGC1,14/9/22,AM,1,1,0,0,0,,9,14
878,MGC1,14/9/22,PM,1,0,0,1,0,,9,14
879,MGC2,14/9/22,AM,0,0,1,1,0,,9,14
880,MGC2,14/9/22,PM,0,0,1,1,0,,9,14
881,MGC3,14/9/22,AM,0,0,1,1,0,,9,14
882,MGC3,14/9/22,PM,0,0,1,1,0,,9,14
883,MGC4,14/9/22,AM,0,0,1,1,0,,9,14
884,MGC4,14/9/22,PM,0,0,1,1,0,,9,14
885,MGC5,14/9/22,AM,0,0,1,1,1,,9,14
886,MGC5,14/9/22,PM,0,0,1,1,0,,9,14
887,MGC6,14/9/22,AM,1,0,0,0,0,,9,14
888,MGC6,14/9/22,PM,1,0,0,1,0,,9,14
889,MGC1,15/9/22,AM,1,1,0,1,NA,,9,15
890,MGC1,15/9/22,PM,1,1,0,1,NA,,9,15
891,MGC2,15/9/22,AM,0,0,0,1,NA,,9,15
892,MGC2,15/9/22,PM,0,0,0,1,NA,,9,15
893,MGC3,15/9/22,AM,0,0,1,1,NA,,9,15
894,MGC3,15/9/22,PM,0,0,0,1,NA,,9,15
895,MGC4,15/9/22,AM,0,0,0,1,NA,,9,15
896,MGC4,15/9/22,PM,0,0,0,1,NA,,9,15
897,MGC5,15/9/22,AM,0,0,0,1,NA,,9,15
898,MGC5,15/9/22,PM,0,0,0,1,NA,,9,15
899,MGC6,15/9/22,AM,1,0,0,1,NA,,9,15
900,MGC6,15/9/22,PM,1,0,0,1,NA,,9,15
901,MGC1,16/9/22,AM,0,1,0,1,NA,,9,16
902,MGC1,16/9/22,PM,0,1,0,NA,NA,,9,16
903,MGC2,16/9/22,AM,0,0,1,1,NA,,9,16
904,MGC2,16/9/22,PM,0,0,1,NA,NA,,9,16
905,MGC3,16/9/22,AM,0,0,0,1,NA,,9,16
906,MGC3,16/9/22,PM,0,0,0,NA,NA,,9,16
907,MGC4,16/9/22,AM,0,0,0,1,NA,,9,16
908,MGC4,16/9/22,PM,0,0,1,NA,NA,,9,16
909,MGC5,16/9/22,AM,0,0,1,1,NA,,9,16
910,MGC5,16/9/22,PM,0,0,1,NA,NA,,9,16
911,MGC6,16/9/22,AM,0,0,0,1,NA,,9,16
912,MGC6,16/9/22,PM,0,0,0,NA,NA,,9,16
913,MGC1,17/9/22,AM,1,0,0,1,0,,9,17
914,MGC1,17/9/22,PM,1,1,0,0,0,,9,17
915,MGC2,17/9/22,AM,0,0,1,1,1,,9,17
916,MGC2,17/9/22,PM,0,0,1,1,0,,9,17
917,MGC3,17/9/22,AM,0,0,1,1,1,,9,17
918,MGC3,17/9/22,PM,0,0,1,1,0,,9,17
919,MGC4,17/9/22,AM,0,0,1,1,1,,9,17
920,MGC4,17/9/22,PM,0,0,1,1,0,,9,17
921,MGC5,17/9/22,AM,0,0,1,1,0,,9,17
922,MGC5,17/9/22,PM,0,0,1,1,0,,9,17
923,MGC6,17/9/22,AM,0,0,1,1,0,,9,17
924,MGC6,17/9/22,PM,0,0,1,1,0,,9,17
925,MGC1,18/9/22,AM,1,1,0,0,NA,,9,18
926,MGC1,18/9/22,PM,NA,NA,NA,NA,NA,,9,18
927,MGC2,18/9/22,AM,0,0,1,1,NA,,9,18
928,MGC2,18/9/22,PM,NA,NA,NA,NA,NA,,9,18
929,MGC3,18/9/22,AM,0,0,1,1,NA,,9,18
930,MGC3,18/9/22,PM,NA,NA,NA,NA,NA,,9,18
931,MGC4,18/9/22,AM,0,0,1,1,NA,,9,18
932,MGC4,18/9/22,PM,NA,NA,NA,NA,NA,,9,18
933,MGC5,18/9/22,AM,0,0,1,1,NA,,9,18
934,MGC5,18/9/22,PM,NA,NA,NA,NA,NA,,9,18
935,MGC6,18/9/22,AM,0,0,1,1,NA,,9,18
936,MGC6,18/9/22,PM,NA,NA,NA,NA,NA,,9,18
937,MGC1,19/9/22,AM,1,1,0,0,NA,,9,19
938,MGC1,19/9/22,PM,1,1,0,0,NA,,9,19
939,MGC2,19/9/22,AM,0,0,0,1,NA,,9,19
940,MGC2,19/9/22,PM,0,0,0,1,NA,,9,19
941,MGC3,19/9/22,AM,0,0,1,1,NA,,9,19
942,MGC3,19/9/22,PM,0,0,1,1,NA,,9,19
943,MGC4,19/9/22,AM,0,0,0,1,NA,,9,19
944,MGC4,19/9/22,PM,0,0,1,1,NA,,9,19
945,MGC5,19/9/22,AM,0,0,0,1,NA,,9,19
946,MGC5,19/9/22,PM,0,0,1,1,NA,,9,19
947,MGC6,19/9/22,AM,0,0,0,0,NA,,9,19
948,MGC6,19/9/22,PM,0,0,1,1,NA,,9,19
949,MGC1,20/9/22,AM,1,1,0,0,NA,,9,20
950,MGC1,20/9/22,PM,1,1,0,0,NA,,9,20
951,MGC2,20/9/22,AM,0,0,0,1,NA,,9,20
952,MGC2,20/9/22,PM,0,0,1,1,NA,,9,20
953,MGC3,20/9/22,AM,0,0,0,1,NA,,9,20
954,MGC3,20/9/22,PM,0,0,1,1,NA,,9,20
955,MGC4,20/9/22,AM,0,0,1,1,NA,,9,20
956,MGC4,20/9/22,PM,0,0,1,1,NA,,9,20
957,MGC5,20/9/22,AM,0,0,1,1,NA,,9,20
958,MGC5,20/9/22,PM,0,0,1,1,NA,,9,20
959,MGC6,20/9/22,AM,0,0,1,1,NA,,9,20
960,MGC6,20/9/22,PM,0,0,1,1,NA,,9,20
961,MGC1,21/9/22,AM,1,1,0,0,NA,,9,21
962,MGC1,21/9/22,PM,1,1,0,0,NA,,9,21
963,MGC2,21/9/22,AM,0,0,0,1,NA,,9,21
964,MGC2,21/9/22,PM,0,0,1,0,NA,,9,21
965,MGC3,21/9/22,AM,0,0,1,1,NA,,9,21
966,MGC3,21/9/22,PM,0,0,1,1,NA,,9,21
967,MGC4,21/9/22,AM,0,0,1,1,NA,,9,21
968,MGC4,21/9/22,PM,0,0,1,1,NA,,9,21
969,MGC5,21/9/22,AM,0,0,1,1,NA,,9,21
970,MGC5,21/9/22,PM,0,0,1,1,NA,,9,21
971,MGC6,21/9/22,AM,0,0,1,1,NA,,9,21
972,MGC6,21/9/22,PM,0,0,1,1,NA,,9,21
973,MGC1,22/9/22,AM,0,1,0,0,0,,9,22
974,MGC1,22/9/22,PM,0,0,0,0,0,,9,22
975,MGC2,22/9/22,AM,0,0,0,0,0,,9,22
976,MGC2,22/9/22,PM,0,0,0,1,0,,9,22
977,MGC3,22/9/22,AM,0,0,1,1,1,,9,22
978,MGC3,22/9/22,PM,0,0,1,1,1,,9,22
979,MGC4,22/9/22,AM,0,0,1,1,1,,9,22
980,MGC4,22/9/22,PM,0,0,1,1,0,,9,22
981,MGC5,22/9/22,AM,0,0,1,1,0,,9,22
982,MGC5,22/9/22,PM,0,0,1,1,0,,9,22
983,MGC6,22/9/22,AM,0,0,1,1,1,,9,22
984,MGC6,22/9/22,PM,0,0,1,1,1,,9,22
985,MGC1,23/9/22,AM,1,1,0,0,NA,,9,23
986,MGC1,23/9/22,PM,1,0,0,0,NA,,9,23
987,MGC2,23/9/22,AM,0,0,0,0,NA,,9,23
988,MGC2,23/9/22,PM,0,0,1,1,NA,,9,23
989,MGC3,23/9/22,AM,0,0,1,1,NA,,9,23
990,MGC3,23/9/22,PM,0,0,1,1,NA,,9,23
991,MGC4,23/9/22,AM,0,0,1,1,NA,,9,23
992,MGC4,23/9/22,PM,0,0,1,1,NA,,9,23
993,MGC5,23/9/22,AM,0,0,1,1,NA,,9,23
994,MGC5,23/9/22,PM,0,0,1,1,NA,,9,23
995,MGC6,23/9/22,AM,0,0,1,1,NA,,9,23
996,MGC6,23/9/22,PM,0,0,1,1,NA,,9,23
997,MGC1,24/9/22,AM,1,1,0,0,NA,,9,24
998,MGC1,24/9/22,PM,0,0,0,0,NA,,9,24
999,MGC2,24/9/22,AM,0,0,1,1,NA,,9,24
1000,MGC2,24/9/22,PM,0,0,1,1,NA,,9,24
1001,MGC3,24/9/22,AM,0,0,1,1,NA,,9,24
1002,MGC3,24/9/22,PM,0,0,1,1,NA,,9,24
1003,MGC4,24/9/22,AM,0,0,1,1,NA,,9,24
1004,MGC4,24/9/22,PM,0,0,1,1,NA,,9,24
1005,MGC5,24/9/22,AM,0,0,1,1,NA,,9,24
1006,MGC5,24/9/22,PM,0,0,1,1,NA,,9,24
1007,MGC6,24/9/22,AM,0,0,1,1,NA,,9,24
1008,MGC6,24/9/22,PM,0,0,0,1,NA,,9,24
1009,MGC1,25/9/22,AM,1,0,0,0,NA,,9,25
1010,MGC1,25/9/22,PM,1,1,0,0,NA,,9,25
1011,MGC2,25/9/22,AM,0,0,1,1,NA,,9,25
1012,MGC2,25/9/22,PM,0,0,0,1,NA,,9,25
1013,MGC3,25/9/22,AM,0,0,1,1,NA,,9,25
1014,MGC3,25/9/22,PM,0,0,0,1,NA,,9,25
1015,MGC4,25/9/22,AM,0,0,1,1,NA,,9,25
1016,MGC4,25/9/22,PM,0,0,0,1,NA,,9,25
1017,MGC5,25/9/22,AM,0,0,1,1,NA,,9,25
1018,MGC5,25/9/22,PM,0,0,0,1,NA,,9,25
1019,MGC6,25/9/22,AM,0,0,0,1,NA,,9,25
1020,MGC6,25/9/22,PM,0,0,0,1,NA,,9,25
1021,MGC1,26/9/22,AM,0,1,0,0,NA,,9,26
1022,MGC1,26/9/22,PM,0,1,0,0,NA,,9,26
1023,MGC2,26/9/22,AM,0,0,0,0,NA,,9,26
1024,MGC2,26/9/22,PM,0,0,0,1,NA,,9,26
1025,MGC3,26/9/22,AM,0,0,0,0,NA,,9,26
1026,MGC3,26/9/22,PM,0,0,0,1,NA,,9,26
1027,MGC4,26/9/22,AM,0,0,0,0,NA,,9,26
1028,MGC4,26/9/22,PM,0,0,0,1,NA,,9,26
1029,MGC5,26/9/22,AM,0,0,0,0,NA,,9,26
1030,MGC5,26/9/22,PM,0,0,0,1,NA,,9,26
1031,MGC6,26/9/22,AM,0,0,0,0,NA,,9,26
1032,MGC6,26/9/22,PM,0,0,0,1,NA,,9,26
1033,MGC1,27/9/22,AM,NA,NA,NA,NA,NA,,9,27
1034,MGC1,27/9/22,PM,1,1,0,0,NA,,9,27
1035,MGC2,27/9/22,AM,NA,NA,NA,NA,NA,,9,27
1036,MGC2,27/9/22,PM,0,0,1,1,NA,,9,27
1037,MGC3,27/9/22,AM,NA,NA,NA,NA,NA,,9,27
1038,MGC3,27/9/22,PM,0,0,0,1,NA,,9,27
1039,MGC4,27/9/22,AM,NA,NA,NA,NA,NA,,9,27
1040,MGC4,27/9/22,PM,0,0,1,1,NA,,9,27
1041,MGC5,27/9/22,AM,NA,NA,NA,NA,NA,,9,27
1042,MGC5,27/9/22,PM,0,0,0,1,NA,,9,27
1043,MGC6,27/9/22,AM,NA,NA,NA,NA,NA,,9,27
1044,MGC6,27/9/22,PM,0,0,1,1,NA,,9,27
1045,MGC1,28/9/22,AM,1,1,0,0,NA,,9,28
1046,MGC1,28/9/22,PM,0,0,0,1,NA,,9,28
1047,MGC2,28/9/22,AM,0,0,1,1,NA,,9,28
1048,MGC2,28/9/22,PM,0,0,1,1,NA,,9,28
1049,MGC3,28/9/22,AM,0,0,0,1,NA,,9,28
1050,MGC3,28/9/22,PM,0,0,1,1,NA,,9,28
1051,MGC4,28/9/22,AM,0,0,1,1,NA,,9,28
1052,MGC4,28/9/22,PM,0,0,1,1,NA,,9,28
1053,MGC5,28/9/22,AM,0,0,0,1,NA,,9,28
1054,MGC5,28/9/22,PM,0,0,0,0,NA,,9,28
1055,MGC6,28/9/22,AM,1,0,0,0,NA,,9,28
1056,MGC6,28/9/22,PM,0,0,0,1,NA,,9,28
1057,MGC1,29/9/22,AM,1,1,0,20,NA,,9,29
1058,MGC1,29/9/22,PM,1,0,0,20,NA,,9,29
1059,MGC2,29/9/22,AM,0,0,1,10,NA,,9,29
1060,MGC2,29/9/22,PM,0,0,1,10,NA,,9,29
1061,MGC3,29/9/22,AM,0,0,1,20,NA,,9,29
1062,MGC3,29/9/22,PM,0,0,1,20,NA,,9,29
1063,MGC4,29/9/22,AM,0,0,1,20,NA,,9,29
1064,MGC4,29/9/22,PM,0,0,1,20,NA,,9,29
1065,MGC5,29/9/22,AM,0,0,1,60,NA,,9,29
1066,MGC5,29/9/22,PM,0,0,1,60,NA,,9,29
1067,MGC6,29/9/22,AM,0,0,1,20,NA,,9,29
1068,MGC6,29/9/22,PM,0,0,1,20,NA,,9,29
1069,MGC1,30/9/22,AM,1,1,0,20,NA,,9,30
1070,MGC1,30/9/22,PM,0,0,0,NA,NA,,9,30
1071,MGC2,30/9/22,AM,0,0,1,10,NA,,9,30
1072,MGC2,30/9/22,PM,0,0,1,NA,NA,,9,30
1073,MGC3,30/9/22,AM,0,0,1,20,NA,,9,30
1074,MGC3,30/9/22,PM,0,0,1,NA,NA,,9,30
1075,MGC4,30/9/22,AM,0,0,1,20,NA,,9,30
1076,MGC4,30/9/22,PM,0,0,1,NA,NA,,9,30
1077,MGC5,30/9/22,AM,0,0,1,60,NA,,9,30
1078,MGC5,30/9/22,PM,0,0,1,NA,NA,,9,30
1079,MGC6,30/9/22,AM,0,0,1,20,NA,,9,30
1080,MGC6,30/9/22,PM,0,0,1,NA,NA,,9,30
1081,MGC1,1/10/22,AM,0,0,0,10,NA,,10,1
1082,MGC1,1/10/22,PM,0,0,1,NA,NA,,10,1
1083,MGC2,1/10/22,AM,0,0,1,10,NA,,10,1
1084,MGC2,1/10/22,PM,0,0,1,NA,NA,,10,1
1085,MGC3,1/10/22,AM,0,0,1,30,NA,,10,1
1086,MGC3,1/10/22,PM,0,0,1,NA,NA,,10,1
1087,MGC4,1/10/22,AM,0,0,1,20,NA,,10,1
1088,MGC4,1/10/22,PM,0,0,1,NA,NA,,10,1
1089,MGC5,1/10/22,AM,0,0,1,60,NA,,10,1
1090,MGC5,1/10/22,PM,0,0,1,NA,NA,,10,1
1091,MGC6,1/10/22,AM,0,0,1,20,NA,,10,1
1092,MGC6,1/10/22,PM,0,0,1,NA,NA,,10,1
1093,MGC1,2/10/22,AM,0,0,1,10,NA,,10,2
1094,MGC1,2/10/22,PM,0,0,1,10,NA,,10,2
1095,MGC2,2/10/22,AM,0,0,1,10,NA,,10,2
1096,MGC2,2/10/22,PM,0,0,1,10,NA,,10,2
1097,MGC3,2/10/22,AM,0,0,1,10,NA,,10,2
1098,MGC3,2/10/22,PM,0,0,1,NA,NA,,10,2
1099,MGC4,2/10/22,AM,0,0,1,20,NA,,10,2
1100,MGC4,2/10/22,PM,0,0,1,NA,NA,,10,2
1101,MGC5,2/10/22,AM,0,0,0,70,NA,,10,2
1102,MGC5,2/10/22,PM,0,0,0,NA,NA,,10,2
1103,MGC6,2/10/22,AM,0,0,1,20,NA,,10,2
1104,MGC6,2/10/22,PM,0,0,1,NA,NA,,10,2
1105,MGC1,3/10/22,AM,0,0,1,10,NA,,10,3
1106,MGC1,3/10/22,PM,0,0,1,10,NA,,10,3
1107,MGC2,3/10/22,AM,0,0,1,10,NA,,10,3
1108,MGC2,3/10/22,PM,0,0,1,10,NA,,10,3
1109,MGC3,3/10/22,AM,0,0,1,10,NA,,10,3
1110,MGC3,3/10/22,PM,0,0,1,10,NA,,10,3
1111,MGC4,3/10/22,AM,0,0,1,20,NA,,10,3
1112,MGC4,3/10/22,PM,0,0,1,20,NA,,10,3
1113,MGC5,3/10/22,AM,0,0,1,80,NA,,10,3
1114,MGC5,3/10/22,PM,0,0,1,80,NA,,10,3
1115,MGC6,3/10/22,AM,0,0,1,20,NA,,10,3
1116,MGC6,3/10/22,PM,0,0,1,20,NA,,10,3
1117,MGC1,6/10/22,AM,0,0,1,10,0,,10,6
1118,MGC1,6/10/22,PM,0,0,1,10,1,,10,6
1119,MGC2,6/10/22,AM,0,0,1,10,0,,10,6
1120,MGC2,6/10/22,PM,0,0,1,10,1,,10,6
1121,MGC3,6/10/22,AM,0,0,1,20,0,,10,6
1122,MGC3,6/10/22,PM,0,0,1,20,1,,10,6
1123,MGC4,6/10/22,AM,0,0,1,40,0,,10,6
1124,MGC4,6/10/22,PM,0,0,1,20,1,,10,6
1125,MGC5,6/10/22,AM,0,0,0,60,0,,10,6
1126,MGC5,6/10/22,PM,0,0,1,70,1,,10,6
1127,MGC6,6/10/22,AM,0,0,1,20,0,,10,6
1128,MGC6,6/10/22,PM,0,0,1,20,1,,10,6
1129,MGC1,7/10/22,AM,0,0,1,20,NA,,10,7
1130,MGC1,7/10/22,PM,0,0,1,20,NA,,10,7
1131,MGC2,7/10/22,AM,0,0,1,10,NA,,10,7
1132,MGC2,7/10/22,PM,0,0,1,10,NA,,10,7
1133,MGC3,7/10/22,AM,0,0,1,20,NA,,10,7
1134,MGC3,7/10/22,PM,0,0,1,20,NA,,10,7
1135,MGC4,7/10/22,AM,0,0,1,20,NA,,10,7
1136,MGC4,7/10/22,PM,0,0,1,20,NA,,10,7
1137,MGC5,7/10/22,AM,0,0,1,60,NA,,10,7
1138,MGC5,7/10/22,PM,0,0,1,60,NA,,10,7
1139,MGC6,7/10/22,AM,0,0,1,20,NA,,10,7
1140,MGC6,7/10/22,PM,0,0,1,20,NA,,10,7
1141,MGC1,8/10/22,AM,0,0,1,10,NA,,10,8
1142,MGC1,8/10/22,PM,0,0,1,10,NA,,10,8
1143,MGC2,8/10/22,AM,0,0,1,10,NA,,10,8
1144,MGC2,8/10/22,PM,0,0,1,10,NA,,10,8
1145,MGC3,8/10/22,AM,0,0,1,20,NA,,10,8
1146,MGC3,8/10/22,PM,0,0,1,20,NA,,10,8
1147,MGC4,8/10/22,AM,0,0,1,20,NA,,10,8
1148,MGC4,8/10/22,PM,0,0,1,20,NA,,10,8
1149,MGC5,8/10/22,AM,0,0,1,60,NA,,10,8
1150,MGC5,8/10/22,PM,0,0,1,60,NA,,10,8
1151,MGC6,8/10/22,AM,0,0,1,20,NA,,10,8
1152,MGC6,8/10/22,PM,0,0,1,20,NA,,10,8
1153,MGC1,9/10/22,AM,0,0,1,10,NA,,10,9
1154,MGC1,9/10/22,PM,0,0,1,10,NA,,10,9
1155,MGC2,9/10/22,AM,0,0,1,10,NA,,10,9
1156,MGC2,9/10/22,PM,0,0,1,10,NA,,10,9
1157,MGC3,9/10/22,AM,0,0,1,20,NA,,10,9
1158,MGC3,9/10/22,PM,0,0,1,20,NA,,10,9
1159,MGC4,9/10/22,AM,0,0,1,20,NA,,10,9
1160,MGC4,9/10/22,PM,0,0,1,20,NA,,10,9
1161,MGC5,9/10/22,AM,0,0,1,60,NA,,10,9
1162,MGC5,9/10/22,PM,0,0,1,60,NA,,10,9
1163,MGC6,9/10/22,AM,0,0,1,20,NA,,10,9
1164,MGC6,9/10/22,PM,0,0,1,20,NA,,10,9
1165,MGC1,10/10/22,AM,0,0,1,1,NA,,10,10
1166,MGC1,10/10/22,PM,0,0,1,1,NA,,10,10
1167,MGC2,10/10/22,AM,0,0,1,1,NA,,10,10
1168,MGC2,10/10/22,PM,0,0,1,1,NA,,10,10
1169,MGC3,10/10/22,AM,0,0,1,1,NA,,10,10
1170,MGC3,10/10/22,PM,0,0,1,1,NA,,10,10
1171,MGC4,10/10/22,AM,0,0,1,1,NA,,10,10
1172,MGC4,10/10/22,PM,0,0,1,1,NA,,10,10
1173,MGC5,10/10/22,AM,0,0,1,1,NA,,10,10
1174,MGC5,10/10/22,PM,0,0,1,1,NA,,10,10
1175,MGC6,10/10/22,AM,0,0,1,1,NA,,10,10
1176,MGC6,10/10/22,PM,0,0,1,1,NA,,10,10
1177,MGC1,13/10/22,AM,0,0,1,10,NA,,10,13
1178,MGC1,13/10/22,PM,NA,NA,NA,10,NA,,10,13
1179,MGC2,13/10/22,AM,0,0,1,10,NA,,10,13
1180,MGC2,13/10/22,PM,NA,NA,NA,10,NA,,10,13
1181,MGC3,13/10/22,AM,0,0,1,20,NA,,10,13
1182,MGC3,13/10/22,PM,NA,NA,NA,20,NA,,10,13
1183,MGC4,13/10/22,AM,0,0,1,20,NA,,10,13
1184,MGC4,13/10/22,PM,NA,NA,NA,20,NA,,10,13
1185,MGC5,13/10/22,AM,0,0,1,60,NA,,10,13
1186,MGC5,13/10/22,PM,NA,NA,NA,60,NA,,10,13
1187,MGC6,13/10/22,AM,0,0,1,20,NA,,10,13
1188,MGC6,13/10/22,PM,NA,NA,NA,20,NA,,10,13
1189,MGC1,15/10/12,AM,0,0,1,10,NA,,10,15
1190,MGC1,15/10/12,PM,NA,NA,NA,NA,NA,,10,15
1191,MGC2,15/10/12,AM,0,0,1,10,NA,,10,15
1192,MGC2,15/10/12,PM,NA,NA,NA,NA,NA,,10,15
1193,MGC3,15/10/12,AM,0,0,1,20,NA,,10,15
1194,MGC3,15/10/12,PM,NA,NA,NA,NA,NA,,10,15
1195,MGC4,15/10/12,AM,0,0,1,20,NA,,10,15
1196,MGC4,15/10/12,PM,NA,NA,NA,NA,NA,,10,15
1197,MGC5,15/10/12,AM,0,0,1,60,NA,,10,15
1198,MGC5,15/10/12,PM,NA,NA,NA,NA,NA,,10,15
1199,MGC6,15/10/12,AM,0,0,1,20,NA,,10,15
1200,MGC6,15/10/12,PM,NA,NA,NA,NA,NA,,10,15
1201,MGC1,16/10/12,AM,0,1,0,10,NA,,10,16
1202,MGC1,16/10/12,PM,0,0,1,10,NA,,10,16
1203,MGC2,16/10/12,AM,0,0,0,10,NA,,10,16
1204,MGC2,16/10/12,PM,0,0,0,10,NA,,10,16
1205,MGC3,16/10/12,AM,0,0,1,30,NA,,10,16
1206,MGC3,16/10/12,PM,0,0,1,30,NA,,10,16
1207,MGC4,16/10/12,AM,0,0,0,30,NA,,10,16
1208,MGC4,16/10/12,PM,0,0,0,30,NA,,10,16
1209,MGC5,16/10/12,AM,0,0,0,80,NA,,10,16
1210,MGC5,16/10/12,PM,0,0,0,80,NA,,10,16
1211,MGC6,16/10/12,AM,0,0,1,30,NA,,10,16
1212,MGC6,16/10/12,PM,0,0,1,30,NA,,10,16
1213,MGC1,17/10/22,AM,0,0,1,10,NA,,10,17
1214,MGC1,17/10/22,PM,0,0,1,10,NA,,10,17
1215,MGC2,17/10/22,AM,0,0,1,10,NA,,10,17
1216,MGC2,17/10/22,PM,0,0,1,10,NA,,10,17
1217,MGC3,17/10/22,AM,0,0,1,60,NA,,10,17
1218,MGC3,17/10/22,PM,0,0,1,60,NA,,10,17
1219,MGC4,17/10/22,AM,0,0,1,10,NA,,10,17
1220,MGC4,17/10/22,PM,0,0,1,10,NA,,10,17
1221,MGC5,17/10/22,AM,0,0,1,60,NA,,10,17
1222,MGC5,17/10/22,PM,0,0,1,60,NA,,10,17
1223,MGC6,17/10/22,AM,0,0,1,10,NA,,10,17
1224,MGC6,17/10/22,PM,0,0,1,10,NA,,10,17
1225,MGC1,18/10/22,AM,0,0,1,10,NA,,10,18
1226,MGC1,18/10/22,PM,0,0,1,10,NA,,10,18
1227,MGC2,18/10/22,AM,0,0,1,10,NA,,10,18
1228,MGC2,18/10/22,PM,0,0,1,10,NA,,10,18
1229,MGC3,18/10/22,AM,0,0,0,50,NA,,10,18
1230,MGC3,18/10/22,PM,0,0,1,50,NA,,10,18
1231,MGC4,18/10/22,AM,0,0,0,20,NA,,10,18
1232,MGC4,18/10/22,PM,0,0,0,20,NA,,10,18
1233,MGC5,18/10/22,AM,0,0,1,60,NA,,10,18
1234,MGC5,18/10/22,PM,0,0,0,60,NA,,10,18
1235,MGC6,18/10/22,AM,0,0,1,10,NA,,10,18
1236,MGC6,18/10/22,PM,0,0,1,10,NA,,10,18
1237,MGC1,20/10/22,AM,0,0,1,10,NA,,10,20
1238,MGC1,20/10/22,PM,0,0,1,10,NA,,10,20
1239,MGC2,20/10/22,AM,0,0,1,10,NA,,10,20
1240,MGC2,20/10/22,PM,0,0,1,10,NA,,10,20
1241,MGC3,20/10/22,AM,0,0,1,50,NA,,10,20
1242,MGC3,20/10/22,PM,0,0,1,30,NA,,10,20
1243,MGC4,20/10/22,AM,0,0,1,20,NA,,10,20
1244,MGC4,20/10/22,PM,0,0,1,10,NA,,10,20
1245,MGC5,20/10/22,AM,0,0,1,60,NA,,10,20
1246,MGC5,20/10/22,PM,0,0,1,60,NA,,10,20
1247,MGC6,20/10/22,AM,0,0,1,10,NA,,10,20
1248,MGC6,20/10/22,PM,0,0,1,30,NA,,10,20
1249,MGC1,21/10/22,AM,0,0,1,10,NA,,10,21
1250,MGC1,21/10/22,PM,0,0,1,NA,NA,,10,21
1251,MGC2,21/10/22,AM,0,0,1,10,NA,,10,21
1252,MGC2,21/10/22,PM,0,0,1,NA,NA,,10,21
1253,MGC3,21/10/22,AM,0,0,1,20,NA,,10,21
1254,MGC3,21/10/22,PM,0,0,1,NA,NA,,10,21
1255,MGC4,21/10/22,AM,0,0,1,10,NA,,10,21
1256,MGC4,21/10/22,PM,0,0,0,NA,NA,,10,21
1257,MGC5,21/10/22,AM,0,0,1,50,NA,,10,21
1258,MGC5,21/10/22,PM,0,0,1,NA,NA,,10,21
1259,MGC6,21/10/22,AM,0,0,1,10,NA,,10,21
1260,MGC6,21/10/22,PM,0,0,1,NA,NA,,10,21
1261,MGC1,22/10/22,AM,0,0,1,10,NA,,10,22
1262,MGC1,22/10/22,PM,0,0,1,10,NA,,10,22
1263,MGC2,22/10/22,AM,0,0,1,10,NA,,10,22
1264,MGC2,22/10/22,PM,0,0,1,10,NA,,10,22
1265,MGC3,22/10/22,AM,0,0,1,30,NA,,10,22
1266,MGC3,22/10/22,PM,0,0,1,30,NA,,10,22
1267,MGC4,22/10/22,AM,0,0,1,10,NA,,10,22
1268,MGC4,22/10/22,PM,0,0,1,10,NA,,10,22
1269,MGC5,22/10/22,AM,0,0,1,50,NA,,10,22
1270,MGC5,22/10/22,PM,0,0,1,50,NA,,10,22
1271,MGC6,22/10/22,AM,0,0,1,10,NA,,10,22
1272,MGC6,22/10/22,PM,0,0,1,10,NA,,10,22
1273,MGC1,23/10/22,AM,0,0,1,10,NA,,10,23
1274,MGC1,23/10/22,PM,0,0,1,NA,NA,,10,23
1275,MGC2,23/10/22,AM,0,0,1,10,NA,,10,23
1276,MGC2,23/10/22,PM,0,0,1,NA,NA,,10,23
1277,MGC3,23/10/22,AM,0,0,1,20,NA,,10,23
1278,MGC3,23/10/22,PM,0,0,0,NA,NA,,10,23
1279,MGC4,23/10/22,AM,0,0,1,20,NA,,10,23
1280,MGC4,23/10/22,PM,0,0,0,NA,NA,,10,23
1281,MGC5,23/10/22,AM,0,0,1,50,NA,,10,23
1282,MGC5,23/10/22,PM,0,0,1,NA,NA,,10,23
1283,MGC6,23/10/22,AM,0,0,1,10,NA,,10,23
1284,MGC6,23/10/22,PM,0,0,1,NA,NA,,10,23
1285,MGC1,24/10/22,AM,0,0,1,10,NA,,10,24
1286,MGC1,24/10/22,PM,0,0,1,NA,NA,,10,24
1287,MGC2,24/10/22,AM,0,0,1,10,NA,,10,24
1288,MGC2,24/10/22,PM,0,0,1,NA,NA,,10,24
1289,MGC3,24/10/22,AM,0,0,1,50,NA,,10,24
1290,MGC3,24/10/22,PM,0,0,1,NA,NA,,10,24
1291,MGC4,24/10/22,AM,0,0,1,10,NA,,10,24
1292,MGC4,24/10/22,PM,0,0,1,NA,NA,,10,24
1293,MGC5,24/10/22,AM,0,0,1,50,NA,,10,24
1294,MGC5,24/10/22,PM,0,0,1,NA,NA,,10,24
1295,MGC6,24/10/22,AM,0,0,1,20,NA,,10,24
1296,MGC6,24/10/22,PM,0,0,1,NA,NA,,10,24
1297,MGC1,25/10/22,AM,0,0,1,10,NA,,10,25
1298,MGC1,25/10/22,PM,0,0,1,10,NA,,10,25
1299,MGC2,25/10/22,AM,0,0,1,10,NA,,10,25
1300,MGC2,25/10/22,PM,0,0,1,10,NA,,10,25
1301,MGC3,25/10/22,AM,0,0,1,50,NA,,10,25
1302,MGC3,25/10/22,PM,0,0,1,50,NA,,10,25
1303,MGC4,25/10/22,AM,0,0,1,20,NA,,10,25
1304,MGC4,25/10/22,PM,0,0,1,20,NA,,10,25
1305,MGC5,25/10/22,AM,0,0,1,50,NA,,10,25
1306,MGC5,25/10/22,PM,0,0,1,50,NA,,10,25
1307,MGC6,25/10/22,AM,0,0,1,20,NA,,10,25
1308,MGC6,25/10/22,PM,0,0,1,20,NA,,10,25
1309,MGC1,26/10/22,AM,0,0,1,10,NA,,10,26
1310,MGC1,26/10/22,PM,0,0,1,10,NA,,10,26
1311,MGC2,26/10/22,AM,0,0,1,10,NA,,10,26
1312,MGC2,26/10/22,PM,0,0,1,10,NA,,10,26
1313,MGC3,26/10/22,AM,0,0,0,50,NA,,10,26
1314,MGC3,26/10/22,PM,0,0,0,50,NA,,10,26
1315,MGC4,26/10/22,AM,0,0,0,20,NA,,10,26
1316,MGC4,26/10/22,PM,0,0,0,50,NA,,10,26
1317,MGC5,26/10/22,AM,0,0,0,60,NA,,10,26
1318,MGC5,26/10/22,PM,0,0,0,60,NA,,10,26
1319,MGC6,26/10/22,AM,0,0,1,20,NA,,10,26
1320,MGC6,26/10/22,PM,0,0,1,20,NA,,10,26
1321,MGC1,27/10/22,AM,0,0,1,1,NA,,10,27
1322,MGC1,27/10/22,PM,0,0,1,1,NA,,10,27
1323,MGC2,27/10/22,AM,0,0,1,1,NA,,10,27
1324,MGC2,27/10/22,PM,0,0,1,1,NA,,10,27
1325,MGC3,27/10/22,AM,0,0,1,1,NA,,10,27
1326,MGC3,27/10/22,PM,0,0,1,1,NA,,10,27
1327,MGC4,27/10/22,AM,0,0,1,1,NA,,10,27
1328,MGC4,27/10/22,PM,0,0,1,1,NA,,10,27
1329,MGC5,27/10/22,AM,0,0,1,1,NA,,10,27
1330,MGC5,27/10/22,PM,0,0,1,1,NA,,10,27
1331,MGC6,27/10/22,AM,0,0,1,1,NA,,10,27
1332,MGC6,27/10/22,PM,0,0,1,1,NA,,10,27
1333,MGC1,28/10/22,AM,0,0,1,1,NA,,10,28
1334,MGC1,28/10/22,PM,0,0,1,1,NA,,10,28
1335,MGC2,28/10/22,AM,0,0,1,1,NA,,10,28
1336,MGC2,28/10/22,PM,0,0,1,1,NA,,10,28
1337,MGC3,28/10/22,AM,0,0,1,1,NA,,10,28
1338,MGC3,28/10/22,PM,0,0,1,1,NA,,10,28
1339,MGC4,28/10/22,AM,0,0,1,1,NA,,10,28
1340,MGC4,28/10/22,PM,0,0,1,1,NA,,10,28
1341,MGC5,28/10/22,AM,0,0,1,1,NA,,10,28
1342,MGC5,28/10/22,PM,0,0,1,1,NA,,10,28
1343,MGC6,28/10/22,AM,0,0,1,1,NA,,10,28
1344,MGC6,28/10/22,PM,0,0,1,1,NA,,10,28
1345,MGC1,30/10/22,AM,0,0,1,10,NA,,10,30
1346,MGC1,30/10/22,PM,0,0,1,10,NA,,10,30
1347,MGC2,30/10/22,AM,0,0,1,10,NA,,10,30
1348,MGC2,30/10/22,PM,0,0,1,10,NA,,10,30
1349,MGC3,30/10/22,AM,0,0,1,50,NA,,10,30
1350,MGC3,30/10/22,PM,0,0,1,50,NA,,10,30
1351,MGC4,30/10/22,AM,0,0,1,20,NA,,10,30
1352,MGC4,30/10/22,PM,0,0,1,20,NA,,10,30
1353,MGC5,30/10/22,AM,0,0,1,60,NA,,10,30
1354,MGC5,30/10/22,PM,0,0,1,60,NA,,10,30
1355,MGC6,30/10/22,AM,0,0,1,20,NA,,10,30
1356,MGC6,30/10/22,PM,0,0,1,20,NA,,10,30
1357,MGC1,31/10/22,AM,0,0,1,1,NA,,10,31
1358,MGC1,31/10/22,PM,0,0,1,1,NA,,10,31
1359,MGC2,31/10/22,AM,0,0,1,1,NA,,10,31
1360,MGC2,31/10/22,PM,0,0,1,1,NA,,10,31
1361,MGC3,31/10/22,AM,0,0,1,1,NA,,10,31
1362,MGC3,31/10/22,PM,0,0,1,1,NA,,10,31
1363,MGC4,31/10/22,AM,0,0,1,1,NA,,10,31
1364,MGC4,31/10/22,PM,0,0,1,1,NA,,10,31
1365,MGC5,31/10/22,AM,0,0,1,1,NA,,10,31
1366,MGC5,31/10/22,PM,0,0,1,1,NA,,10,31
1367,MGC6,31/10/22,AM,0,0,1,1,NA,,10,31
1368,MGC6,31/10/22,PM,0,0,1,1,NA,,10,31
1369,MGC1,3/11/22,AM,0,0,1,10,NA,,11,3
1370,MGC1,3/11/22,PM,0,0,1,NA,NA,,11,3
1371,MGC2,3/11/22,AM,0,0,1,10,NA,,11,3
1372,MGC2,3/11/22,PM,0,0,1,NA,NA,,11,3
1373,MGC3,3/11/22,AM,1,0,0,60,NA,,11,3
1374,MGC3,3/11/22,PM,1,1,0,NA,NA,,11,3
1375,MGC4,3/11/22,AM,0,0,1,20,NA,,11,3
1376,MGC4,3/11/22,PM,0,0,1,NA,NA,,11,3
1377,MGC5,3/11/22,AM,0,0,1,60,NA,,11,3
1378,MGC5,3/11/22,PM,0,0,1,NA,NA,,11,3
1379,MGC6,3/11/22,AM,0,0,1,20,NA,,11,3
1380,MGC6,3/11/22,PM,0,0,1,NA,NA,,11,3
1381,MGC1,4/11/22,AM,0,0,1,10,NA,,11,4
1382,MGC1,4/11/22,PM,0,0,1,NA,NA,,11,4
1383,MGC2,4/11/22,AM,0,0,1,10,NA,,11,4
1384,MGC2,4/11/22,PM,0,0,1,NA,NA,,11,4
1385,MGC3,4/11/22,AM,1,1,0,70,NA,,11,4
1386,MGC3,4/11/22,PM,0,1,0,NA,NA,,11,4
1387,MGC4,4/11/22,AM,0,0,0,20,NA,,11,4
1388,MGC4,4/11/22,PM,0,0,1,NA,NA,,11,4
1389,MGC5,4/11/22,AM,0,0,0,70,NA,,11,4
1390,MGC5,4/11/22,PM,0,0,1,NA,NA,,11,4
1391,MGC6,4/11/22,AM,0,0,1,20,NA,,11,4
1392,MGC6,4/11/22,PM,0,0,1,NA,NA,,11,4
1393,MGC1,5/11/22,AM,0,0,1,10,NA,,11,5
1394,MGC1,5/11/22,PM,NA,NA,NA,NA,NA,,11,5
1395,MGC2,5/11/22,AM,0,0,1,10,NA,,11,5
1396,MGC2,5/11/22,PM,NA,NA,NA,NA,NA,,11,5
1397,MGC3,5/11/22,AM,1,1,0,80,NA,,11,5
1398,MGC3,5/11/22,PM,NA,NA,NA,NA,NA,,11,5
1399,MGC4,5/11/22,AM,0,0,1,20,NA,,11,5
1400,MGC4,5/11/22,PM,NA,NA,NA,NA,NA,,11,5
1401,MGC5,5/11/22,AM,0,0,0,70,NA,,11,5
1402,MGC5,5/11/22,PM,NA,NA,NA,NA,NA,,11,5
1403,MGC6,5/11/22,AM,0,0,1,20,NA,,11,5
1404,MGC6,5/11/22,PM,NA,NA,NA,NA,NA,,11,5
1405,MGC1,6/11/22,AM,0,0,1,10,NA,,11,6
1406,MGC1,6/11/22,PM,0,0,1,10,NA,,11,6
1407,MGC2,6/11/22,AM,0,0,1,10,NA,,11,6
1408,MGC2,6/11/22,PM,0,0,1,10,NA,,11,6
1409,MGC3,6/11/22,AM,0,1,0,70,NA,,11,6
1410,MGC3,6/11/22,PM,0,1,0,70,NA,,11,6
1411,MGC4,6/11/22,AM,0,0,0,60,NA,,11,6
1412,MGC4,6/11/22,PM,0,0,0,60,NA,,11,6
1413,MGC5,6/11/22,AM,0,0,0,70,NA,,11,6
1414,MGC5,6/11/22,PM,0,0,0,70,NA,,11,6
1415,MGC6,6/11/22,AM,0,0,1,20,NA,,11,6
1416,MGC6,6/11/22,PM,0,0,1,20,NA,,11,6
1417,MGC1,8/11/22,AM,0,0,0,10,NA,,11,8
1418,MGC1,8/11/22,PM,0,0,1,NA,NA,,11,8
1419,MGC2,8/11/22,AM,0,0,1,10,NA,,11,8
1420,MGC2,8/11/22,PM,0,0,1,NA,NA,,11,8
1421,MGC3,8/11/22,AM,1,1,0,70,NA,,11,8
1422,MGC3,8/11/22,PM,1,1,0,NA,NA,,11,8
1423,MGC4,8/11/22,AM,0,0,0,60,NA,,11,8
1424,MGC4,8/11/22,PM,0,0,1,NA,NA,,11,8
1425,MGC5,8/11/22,AM,0,0,1,60,NA,,11,8
1426,MGC5,8/11/22,PM,0,0,1,NA,NA,,11,8
1427,MGC6,8/11/22,AM,0,0,1,60,NA,,11,8
1428,MGC6,8/11/22,PM,0,0,1,NA,NA,,11,8
1429,MGC1,9/11/22,AM,0,0,1,10,NA,,11,9
1430,MGC1,9/11/22,PM,0,1,1,NA,NA,,11,9
1431,MGC2,9/11/22,AM,0,0,1,10,NA,,11,9
1432,MGC2,9/11/22,PM,0,0,1,NA,NA,,11,9
1433,MGC3,9/11/22,AM,1,1,0,80,NA,,11,9
1434,MGC3,9/11/22,PM,1,1,0,NA,NA,,11,9
1435,MGC4,9/11/22,AM,0,0,1,10,NA,,11,9
1436,MGC4,9/11/22,PM,0,0,1,NA,NA,,11,9
1437,MGC5,9/11/22,AM,0,0,1,60,NA,,11,9
1438,MGC5,9/11/22,PM,0,0,1,NA,NA,,11,9
1439,MGC6,9/11/22,AM,0,0,1,60,NA,,11,9
1440,MGC6,9/11/22,PM,0,0,1,NA,NA,,11,9
1441,MGC1,10/11/22,AM,0,0,1,NA,NA,,11,10
1442,MGC1,10/11/22,PM,NA,NA,NA,NA,NA,,11,10
1443,MGC2,10/11/22,AM,0,0,1,NA,NA,,11,10
1444,MGC2,10/11/22,PM,NA,NA,NA,NA,NA,,11,10
1445,MGC3,10/11/22,AM,1,1,0,NA,NA,,11,10
1446,MGC3,10/11/22,PM,NA,NA,NA,NA,NA,,11,10
1447,MGC4,10/11/22,AM,1,1,0,NA,NA,,11,10
1448,MGC4,10/11/22,PM,NA,NA,NA,NA,NA,,11,10
1449,MGC5,10/11/22,AM,0,0,1,NA,NA,,11,10
1450,MGC5,10/11/22,PM,NA,NA,NA,NA,NA,,11,10
1451,MGC6,10/11/22,AM,0,0,1,NA,NA,,11,10
1452,MGC6,10/11/22,PM,NA,NA,NA,NA,NA,,11,10
1453,MGC1,11/11/22,AM,0,0,1,10,NA,,11,11
1454,MGC1,11/11/22,PM,0,0,1,NA,NA,,11,11
1455,MGC2,11/11/22,AM,0,0,1,10,NA,,11,11
1456,MGC2,11/11/22,PM,0,0,1,NA,NA,,11,11
1457,MGC3,11/11/22,AM,1,1,0,80,NA,,11,11
1458,MGC3,11/11/22,PM,0,1,0,NA,NA,,11,11
1459,MGC4,11/11/22,AM,0,1,0,70,NA,,11,11
1460,MGC4,11/11/22,PM,0,1,0,NA,NA,,11,11
1461,MGC5,11/11/22,AM,0,0,1,60,NA,,11,11
1462,MGC5,11/11/22,PM,0,0,0,NA,NA,,11,11
1463,MGC6,11/11/22,AM,0,0,1,30,NA,,11,11
1464,MGC6,11/11/22,PM,0,0,1,NA,NA,,11,11
1465,MGC1,12/11/22,AM,0,0,1,10,NA,,11,12
1466,MGC1,12/11/22,PM,0,0,1,NA,NA,,11,12
1467,MGC2,12/11/22,AM,0,0,1,10,NA,,11,12
1468,MGC2,12/11/22,PM,0,0,1,NA,NA,,11,12
1469,MGC3,12/11/22,AM,1,1,0,80,NA,,11,12
1470,MGC3,12/11/22,PM,1,1,0,NA,NA,,11,12
1471,MGC4,12/11/22,AM,0,0,1,80,NA,,11,12
1472,MGC4,12/11/22,PM,1,0,1,NA,NA,,11,12
1473,MGC5,12/11/22,AM,0,0,1,70,NA,,11,12
1474,MGC5,12/11/22,PM,0,0,1,NA,NA,,11,12
1475,MGC6,12/11/22,AM,0,0,1,20,NA,,11,12
1476,MGC6,12/11/22,PM,0,0,1,NA,NA,,11,12
1477,MGC1,13/11/22,AM,0,1,1,1,NA,,11,13
1478,MGC1,13/11/22,PM,0,0,1,1,NA,,11,13
1479,MGC2,13/11/22,AM,0,0,1,1,NA,,11,13
1480,MGC2,13/11/22,PM,0,0,1,1,NA,,11,13
1481,MGC3,13/11/22,AM,1,1,0,0,NA,,11,13
1482,MGC3,13/11/22,PM,1,1,0,0,NA,,11,13
1483,MGC4,13/11/22,AM,0,0,1,1,NA,,11,13
1484,MGC4,13/11/22,PM,0,0,1,0,NA,,11,13
1485,MGC5,13/11/22,AM,0,0,1,1,NA,,11,13
1486,MGC5,13/11/22,PM,0,0,1,1,NA,,11,13
1487,MGC6,13/11/22,AM,0,0,1,1,NA,,11,13
1488,MGC6,13/11/22,PM,0,0,1,1,NA,,11,13
1489,MGC1,16/11/22,AM,0,0,0,10,NA,,11,16
1490,MGC1,16/11/22,PM,0,0,1,NA,NA,,11,16
1491,MGC2,16/11/22,AM,0,0,1,10,NA,,11,16
1492,MGC2,16/11/22,PM,0,0,1,NA,NA,,11,16
1493,MGC3,16/11/22,AM,1,1,0,80,NA,,11,16
1494,MGC3,16/11/22,PM,1,1,0,NA,NA,,11,16
1495,MGC4,16/11/22,AM,0,1,0,30,NA,,11,16
1496,MGC4,16/11/22,PM,1,1,0,NA,NA,,11,16
1497,MGC5,16/11/22,AM,0,0,0,70,NA,,11,16
1498,MGC5,16/11/22,PM,0,0,1,NA,NA,,11,16
1499,MGC6,16/11/22,AM,0,0,1,20,NA,,11,16
1500,MGC6,16/11/22,PM,0,0,1,NA,NA,,11,16
1501,MGC1,17/11/22,AM,0,0,1,10,NA,,11,17
1502,MGC1,17/11/22,PM,0,0,NA,NA,NA,,11,17
1503,MGC2,17/11/22,AM,0,0,1,10,NA,,11,17
1504,MGC2,17/11/22,PM,0,0,NA,10,NA,,11,17
1505,MGC3,17/11/22,AM,0,1,0,80,NA,,11,17
1506,MGC3,17/11/22,PM,1,1,NA,NA,NA,,11,17
1507,MGC4,17/11/22,AM,0,0,1,30,NA,,11,17
1508,MGC4,17/11/22,PM,0,0,NA,NA,NA,,11,17
1509,MGC5,17/11/22,AM,0,0,1,70,NA,,11,17
1510,MGC5,17/11/22,PM,0,0,NA,NA,NA,,11,17
1511,MGC6,17/11/22,AM,0,0,1,30,NA,,11,17
1512,MGC6,17/11/22,PM,0,0,NA,NA,NA,,11,17
1513,MGC1,18/11/22,AM,0,0,1,10,NA,,11,18
1514,MGC1,18/11/22,PM,NA,NA,1,NA,NA,,11,18
1515,MGC2,18/11/22,AM,0,0,1,10,NA,,11,18
1516,MGC2,18/11/22,PM,NA,NA,1,NA,NA,,11,18
1517,MGC3,18/11/22,AM,1,1,0,80,NA,,11,18
1518,MGC3,18/11/22,PM,NA,NA,0,NA,NA,,11,18
1519,MGC4,18/11/22,AM,1,0,0,50,NA,,11,18
1520,MGC4,18/11/22,PM,NA,NA,0,NA,NA,,11,18
1521,MGC5,18/11/22,AM,0,0,1,70,NA,,11,18
1522,MGC5,18/11/22,PM,NA,NA,1,NA,NA,,11,18
1523,MGC6,18/11/22,AM,0,0,1,20,NA,,11,18
1524,MGC6,18/11/22,PM,NA,NA,1,NA,NA,,11,18
1525,MGC1,19/11/22,AM,0,1,1,1,NA,,11,19
1526,MGC1,19/11/22,PM,0,0,0,1,NA,,11,19
1527,MGC2,19/11/22,AM,0,0,1,1,NA,,11,19
1528,MGC2,19/11/22,PM,0,0,1,1,NA,,11,19
1529,MGC3,19/11/22,AM,0,1,0,0,NA,,11,19
1530,MGC3,19/11/22,PM,0,1,0,0,NA,,11,19
1531,MGC4,19/11/22,AM,0,1,0,1,NA,,11,19
1532,MGC4,19/11/22,PM,0,1,0,1,NA,,11,19
1533,MGC5,19/11/22,AM,0,0,1,1,NA,,11,19
1534,MGC5,19/11/22,PM,0,0,1,1,NA,,11,19
1535,MGC6,19/11/22,AM,0,0,1,1,NA,,11,19
1536,MGC6,19/11/22,PM,0,0,1,1,NA,,11,19
1537,MGC1,20/11/22,AM,0,1,0,10,NA,,11,20
1538,MGC1,20/11/22,PM,1,1,0,NA,NA,,11,20
1539,MGC2,20/11/22,AM,0,0,1,10,NA,,11,20
1540,MGC2,20/11/22,PM,0,0,1,NA,NA,,11,20
1541,MGC3,20/11/22,AM,1,1,0,80,NA,,11,20
1542,MGC3,20/11/22,PM,1,1,0,NA,NA,,11,20
1543,MGC4,20/11/22,AM,1,1,0,70,NA,,11,20
1544,MGC4,20/11/22,PM,1,1,0,NA,NA,,11,20
1545,MGC5,20/11/22,AM,0,0,1,60,NA,,11,20
1546,MGC5,20/11/22,PM,0,0,1,NA,NA,,11,20
1547,MGC6,20/11/22,AM,0,0,1,20,NA,,11,20
1548,MGC6,20/11/22,PM,0,0,1,NA,NA,,11,20
1549,MGC1,21/11/22,AM,1,1,0,NA,NA,,11,21
1550,MGC1,21/11/22,PM,0,1,0,NA,NA,,11,21
1551,MGC2,21/11/22,AM,0,0,1,NA,NA,,11,21
1552,MGC2,21/11/22,PM,0,0,1,NA,NA,,11,21
1553,MGC3,21/11/22,AM,1,1,0,NA,NA,,11,21
1554,MGC3,21/11/22,PM,1,1,0,NA,NA,,11,21
1555,MGC4,21/11/22,AM,0,1,0,NA,NA,,11,21
1556,MGC4,21/11/22,PM,1,1,0,NA,NA,,11,21
1557,MGC5,21/11/22,AM,0,0,1,NA,NA,,11,21
1558,MGC5,21/11/22,PM,0,0,1,NA,NA,,11,21
1559,MGC6,21/11/22,AM,0,0,1,NA,NA,,11,21
1560,MGC6,21/11/22,PM,0,0,1,NA,NA,,11,21
1561,MGC1,22/11/22,AM,1,1,0,20,NA,,11,22
1562,MGC1,22/11/22,PM,0,1,0,NA,NA,,11,22
1563,MGC2,22/11/22,AM,0,0,1,10,NA,,11,22
1564,MGC2,22/11/22,PM,0,0,1,NA,NA,,11,22
1565,MGC3,22/11/22,AM,1,1,0,80,NA,,11,22
1566,MGC3,22/11/22,PM,1,1,1,NA,NA,,11,22
1567,MGC4,22/11/22,AM,1,1,0,70,NA,,11,22
1568,MGC4,22/11/22,PM,0,1,0,NA,NA,,11,22
1569,MGC5,22/11/22,AM,0,0,0,70,NA,,11,22
1570,MGC5,22/11/22,PM,1,1,0,NA,NA,,11,22
1571,MGC6,22/11/22,AM,0,1,1,70,NA,,11,22
1572,MGC6,22/11/22,PM,0,0,1,NA,NA,,11,22
1573,MGC1,23/11/22,AM,0,1,0,20,NA,,11,23
1574,MGC1,23/11/22,PM,0,1,0,NA,NA,,11,23
1575,MGC2,23/11/22,AM,0,0,1,10,NA,,11,23
1576,MGC2,23/11/22,PM,0,0,1,NA,NA,,11,23
1577,MGC3,23/11/22,AM,1,1,0,80,NA,,11,23
1578,MGC3,23/11/22,PM,0,1,0,NA,NA,,11,23
1579,MGC4,23/11/22,AM,1,1,0,80,NA,,11,23
1580,MGC4,23/11/22,PM,1,1,0,NA,NA,,11,23
1581,MGC5,23/11/22,AM,0,0,1,80,NA,,11,23
1582,MGC5,23/11/22,PM,0,1,NA,NA,NA,,11,23
1583,MGC6,23/11/22,AM,1,0,0,70,NA,,11,23
1584,MGC6,23/11/22,PM,0,0,0,NA,NA,,11,23
1585,MGC1,24/11/22,AM,1,0,0,20,NA,,11,24
1586,MGC1,24/11/22,PM,0,1,0,NA,NA,,11,24
1587,MGC2,24/11/22,AM,0,1,1,20,NA,,11,24
1588,MGC2,24/11/22,PM,0,0,1,NA,NA,,11,24
1589,MGC3,24/11/22,AM,1,1,0,80,NA,,11,24
1590,MGC3,24/11/22,PM,0,1,0,NA,NA,,11,24
1591,MGC4,24/11/22,AM,0,1,0,80,NA,,11,24
1592,MGC4,24/11/22,PM,0,1,0,NA,NA,,11,24
1593,MGC5,24/11/22,AM,0,0,0,70,NA,,11,24
1594,MGC5,24/11/22,PM,0,1,0,NA,NA,,11,24
1595,MGC6,24/11/22,AM,0,1,1,70,NA,,11,24
1596,MGC6,24/11/22,PM,0,0,0,NA,NA,,11,24
1597,MGC1,25/11/22,AM,1,1,0,10,NA,,11,25
1598,MGC1,25/11/22,PM,0,1,0,NA,NA,,11,25
1599,MGC2,25/11/22,AM,0,1,0,20,NA,,11,25
1600,MGC2,25/11/22,PM,1,1,0,NA,NA,,11,25
1601,MGC3,25/11/22,AM,1,1,0,80,NA,,11,25
1602,MGC3,25/11/22,PM,0,1,0,NA,NA,,11,25
1603,MGC4,25/11/22,AM,0,1,0,70,NA,,11,25
1604,MGC4,25/11/22,PM,1,1,0,NA,NA,,11,25
1605,MGC5,25/11/22,AM,0,0,1,70,NA,,11,25
1606,MGC5,25/11/22,PM,0,1,0,NA,NA,,11,25
1607,MGC6,25/11/22,AM,1,1,0,70,NA,,11,25
1608,MGC6,25/11/22,PM,0,0,0,NA,NA,,11,25
1609,MGC1,26/11/22,AM,1,1,0,0,NA,,11,26
1610,MGC1,26/11/22,PM,0,1,0,0,NA,,11,26
1611,MGC2,26/11/22,AM,0,0,0,0,NA,,11,26
1612,MGC2,26/11/22,PM,0,0,0,1,NA,,11,26
1613,MGC3,26/11/22,AM,1,1,0,0,NA,,11,26
1614,MGC3,26/11/22,PM,1,1,0,0,NA,,11,26
1615,MGC4,26/11/22,AM,1,1,0,0,NA,,11,26
1616,MGC4,26/11/22,PM,1,1,0,0,NA,,11,26
1617,MGC5,26/11/22,AM,1,1,0,0,NA,,11,26
1618,MGC5,26/11/22,PM,1,1,0,0,NA,,11,26
1619,MGC6,26/11/22,AM,1,1,0,0,NA,,11,26
1620,MGC6,26/11/22,PM,1,1,0,0,NA,,11,26
1621,MGC1,27/11/22,AM,NA,NA,NA,NA,NA,,11,27
1622,MGC1,27/11/22,PM,1,NA,NA,NA,NA,,11,27
1623,MGC2,27/11/22,AM,NA,NA,NA,NA,NA,,11,27
1624,MGC2,27/11/22,PM,1,NA,NA,NA,NA,,11,27
1625,MGC3,27/11/22,AM,NA,NA,NA,NA,NA,,11,27
1626,MGC3,27/11/22,PM,NA,NA,NA,NA,NA,,11,27
1627,MGC4,27/11/22,AM,1,NA,NA,NA,NA,,11,27
1628,MGC4,27/11/22,PM,1,NA,NA,NA,NA,,11,27
1629,MGC5,27/11/22,AM,NA,NA,NA,NA,NA,,11,27
1630,MGC5,27/11/22,PM,NA,NA,NA,NA,NA,,11,27
1631,MGC6,27/11/22,AM,0,NA,NA,NA,NA,,11,27
1632,MGC6,27/11/22,PM,1,NA,NA,NA,NA,,11,27
1633,MGC1,28/11/22,AM,1,1,0,20,NA,,11,28
1634,MGC1,28/11/22,PM,0,1,0,NA,NA,,11,28
1635,MGC2,28/11/22,AM,0,0,0,20,NA,,11,28
1636,MGC2,28/11/22,PM,0,1,0,NA,NA,,11,28
1637,MGC3,28/11/22,AM,1,1,0,80,NA,,11,28
1638,MGC3,28/11/22,PM,0,1,0,NA,NA,,11,28
1639,MGC4,28/11/22,AM,1,1,0,70,NA,,11,28
1640,MGC4,28/11/22,PM,0,1,0,NA,NA,,11,28
1641,MGC5,28/11/22,AM,0,0,0,70,NA,,11,28
1642,MGC5,28/11/22,PM,0,1,0,NA,NA,,11,28
1643,MGC6,28/11/22,AM,1,1,0,20,NA,,11,28
1644,MGC6,28/11/22,PM,0,1,0,NA,NA,,11,28
1645,MGC1,29/11/22,AM,0,1,0,NA,NA,,11,29
1646,MGC1,29/11/22,PM,1,1,0,NA,NA,,11,29
1647,MGC2,29/11/22,AM,0,0,1,NA,NA,,11,29
1648,MGC2,29/11/22,PM,0,0,0,NA,NA,,11,29
1649,MGC3,29/11/22,AM,0,1,0,NA,NA,,11,29
1650,MGC3,29/11/22,PM,0,1,0,NA,NA,,11,29
1651,MGC4,29/11/22,AM,1,1,0,NA,NA,,11,29
1652,MGC4,29/11/22,PM,1,1,0,NA,NA,,11,29
1653,MGC5,29/11/22,AM,0,1,0,NA,NA,,11,29
1654,MGC5,29/11/22,PM,1,1,0,NA,NA,,11,29
1655,MGC6,29/11/22,AM,0,1,0,NA,NA,,11,29
1656,MGC6,29/11/22,PM,1,0,0,NA,NA,,11,29
1657,MGC1,30/11/22,AM,0,1,0,NA,NA,,11,30
1658,MGC1,30/11/22,PM,NA,NA,NA,NA,NA,,11,30
1659,MGC2,30/11/22,AM,0,0,0,NA,NA,,11,30
1660,MGC2,30/11/22,PM,NA,NA,NA,NA,NA,,11,30
1661,MGC3,30/11/22,AM,1,1,0,NA,NA,,11,30
1662,MGC3,30/11/22,PM,NA,NA,NA,NA,NA,,11,30
1663,MGC4,30/11/22,AM,0,1,0,NA,NA,,11,30
1664,MGC4,30/11/22,PM,NA,NA,NA,NA,NA,,11,30
1665,MGC5,30/11/22,AM,1,1,0,NA,NA,,11,30
1666,MGC5,30/11/22,PM,NA,NA,NA,NA,NA,,11,30
1667,MGC6,30/11/22,AM,0,0,0,NA,NA,,11,30
1668,MGC6,30/11/22,PM,NA,NA,NA,NA,NA,,11,30
1669,MGC1,1/12/22,AM,1,1,0,0,NA,,12,1
1670,MGC1,1/12/22,PM,1,1,0,0,NA,,12,1
1671,MGC2,1/12/22,AM,0,0,0,0,NA,,12,1
1672,MGC2,1/12/22,PM,0,0,0,0,NA,,12,1
1673,MGC3,1/12/22,AM,0,0,0,0,NA,,12,1
1674,MGC3,1/12/22,PM,1,1,0,0,NA,,12,1
1675,MGC4,1/12/22,AM,1,1,0,0,NA,,12,1
1676,MGC4,1/12/22,PM,1,1,0,0,NA,,12,1
1677,MGC5,1/12/22,AM,1,1,0,0,NA,,12,1
1678,MGC5,1/12/22,PM,1,1,0,0,NA,,12,1
1679,MGC6,1/12/22,AM,0,1,0,0,NA,,12,1
1680,MGC6,1/12/22,PM,1,1,0,0,NA,,12,1
1681,MGC1,2/12/22,AM,0,1,0,29,NA,,12,2
1682,MGC1,2/12/22,PM,0,1,0,NA,NA,,12,2
1683,MGC2,2/12/22,AM,0,1,0,20,NA,,12,2
1684,MGC2,2/12/22,PM,0,1,0,NA,NA,,12,2
1685,MGC3,2/12/22,AM,0,1,0,80,NA,,12,2
1686,MGC3,2/12/22,PM,0,1,0,NA,NA,,12,2
1687,MGC4,2/12/22,AM,0,1,0,80,NA,,12,2
1688,MGC4,2/12/22,PM,0,1,0,NA,NA,,12,2
1689,MGC5,2/12/22,AM,0,1,0,80,NA,,12,2
1690,MGC5,2/12/22,PM,0,1,0,NA,NA,,12,2
1691,MGC6,2/12/22,AM,0,1,0,60,NA,,12,2
1692,MGC6,2/12/22,PM,0,1,0,NA,NA,,12,2
1693,MGC1,4/12/22,AM,1,1,0,20,NA,,12,4
1694,MGC1,4/12/22,PM,1,1,0,NA,NA,,12,4
1695,MGC2,4/12/22,AM,0,0,0,20,NA,,12,4
1696,MGC2,4/12/22,PM,1,1,0,NA,NA,,12,4
1697,MGC3,4/12/22,AM,1,1,0,90,NA,,12,4
1698,MGC3,4/12/22,PM,1,1,0,NA,NA,,12,4
1699,MGC4,4/12/22,AM,1,1,0,80,NA,,12,4
1700,MGC4,4/12/22,PM,1,1,0,NA,NA,,12,4
1701,MGC5,4/12/22,AM,1,1,0,80,NA,,12,4
1702,MGC5,4/12/22,PM,1,1,0,NA,NA,,12,4
1703,MGC6,4/12/22,AM,1,1,0,20,NA,,12,4
1704,MGC6,4/12/22,PM,1,1,0,NA,NA,,12,4
1705,MGC1,5/12/22,AM,1,1,0,NA,NA,,12,5
1706,MGC1,5/12/22,PM,1,1,0,NA,NA,,12,5
1707,MGC2,5/12/22,AM,1,1,0,NA,NA,,12,5
1708,MGC2,5/12/22,PM,1,1,0,NA,NA,,12,5
1709,MGC3,5/12/22,AM,1,1,0,NA,NA,,12,5
1710,MGC3,5/12/22,PM,1,1,0,NA,NA,,12,5
1711,MGC4,5/12/22,AM,1,1,0,NA,NA,,12,5
1712,MGC4,5/12/22,PM,1,1,0,NA,NA,,12,5
1713,MGC5,5/12/22,AM,1,1,0,NA,NA,,12,5
1714,MGC5,5/12/22,PM,1,1,0,NA,NA,,12,5
1715,MGC6,5/12/22,AM,0,1,0,NA,NA,,12,5
1716,MGC6,5/12/22,PM,1,1,0,NA,NA,,12,5
1717,MGC1,6/12/22,AM,0,1,0,20,NA,,12,6
1718,MGC1,6/12/22,PM,0,1,0,NA,NA,,12,6
1719,MGC2,6/12/22,AM,0,1,0,20,NA,,12,6
1720,MGC2,6/12/22,PM,0,1,0,NA,NA,,12,6
1721,MGC3,6/12/22,AM,1,1,0,80/90,NA,,12,6
1722,MGC3,6/12/22,PM,0,1,0,NA,NA,,12,6
1723,MGC4,6/12/22,AM,1,1,0,70/80,NA,,12,6
1724,MGC4,6/12/22,PM,1,1,0,NA,NA,,12,6
1725,MGC5,6/12/22,AM,0,1,0,70,NA,,12,6
1726,MGC5,6/12/22,PM,1,1,0,NA,NA,,12,6
1727,MGC6,6/12/22,AM,1,1,0,70,NA,,12,6
1728,MGC6,6/12/22,PM,1,1,0,NA,NA,,12,6
1729,MGC1,7/12/22,AM,1,1,0,0,NA,,12,7
1730,MGC1,7/12/22,PM,1,1,0,0,NA,,12,7
1731,MGC2,7/12/22,AM,1,1,0,0,NA,,12,7
1732,MGC2,7/12/22,PM,0,1,0,0,NA,,12,7
1733,MGC3,7/12/22,AM,1,1,0,0,NA,,12,7
1734,MGC3,7/12/22,PM,1,1,0,0,NA,,12,7
1735,MGC4,7/12/22,AM,1,1,0,0,NA,,12,7
1736,MGC4,7/12/22,PM,1,1,0,0,NA,,12,7
1737,MGC5,7/12/22,AM,1,1,0,0,NA,,12,7
1738,MGC5,7/12/22,PM,1,1,0,0,NA,,12,7
1739,MGC6,7/12/22,AM,1,1,0,0,NA,,12,7
1740,MGC6,7/12/22,PM,1,1,0,0,NA,,12,7
1741,MGC1,8/12/22,AM,1,1,0,0,NA,,12,8
1742,MGC1,8/12/22,PM,1,1,0,NA,NA,,12,8
1743,MGC2,8/12/22,AM,1,1,0,0,NA,,12,8
1744,MGC2,8/12/22,PM,1,1,0,NA,NA,,12,8
1745,MGC3,8/12/22,AM,1,1,0,0,NA,,12,8
1746,MGC3,8/12/22,PM,1,1,0,NA,NA,,12,8
1747,MGC4,8/12/22,AM,1,1,0,0,NA,,12,8
1748,MGC4,8/12/22,PM,1,1,0,NA,NA,,12,8
1749,MGC5,8/12/22,AM,1,1,0,0,NA,,12,8
1750,MGC5,8/12/22,PM,1,1,0,NA,NA,,12,8
1751,MGC6,8/12/22,AM,1,1,0,0,NA,,12,8
1752,MGC6,8/12/22,PM,1,1,0,NA,NA,,12,8
1753,MGC1,9/12/22,AM,0,1,0,20,NA,,12,9
1754,MGC1,9/12/22,PM,1,1,0,0,NA,,12,9
1755,MGC2,9/12/22,AM,0,1,0,20,NA,,12,9
1756,MGC2,9/12/22,PM,1,1,0,0,NA,,12,9
1757,MGC3,9/12/22,AM,0,1,0,90,NA,,12,9
1758,MGC3,9/12/22,PM,1,1,0,0,NA,,12,9
1759,MGC4,9/12/22,AM,0,1,0,80,NA,,12,9
1760,MGC4,9/12/22,PM,1,1,0,0,NA,,12,9
1761,MGC5,9/12/22,AM,0,1,0,80,NA,,12,9
1762,MGC5,9/12/22,PM,1,1,0,0,NA,,12,9
1763,MGC6,9/12/22,AM,0,1,0,60,NA,,12,9
1764,MGC6,9/12/22,PM,1,1,0,0,NA,,12,9
1765,MGC1,10/12/22,AM,1,1,0,20,NA,,12,10
1766,MGC1,10/12/22,PM,1,1,0,0,NA,,12,10
1767,MGC2,10/12/22,AM,1,1,0,20,NA,,12,10
1768,MGC2,10/12/22,PM,1,1,0,0,NA,,12,10
1769,MGC3,10/12/22,AM,1,1,0,90,NA,,12,10
1770,MGC3,10/12/22,PM,1,1,0,0,NA,,12,10
1771,MGC4,10/12/22,AM,1,1,0,80,NA,,12,10
1772,MGC4,10/12/22,PM,1,1,0,0,NA,,12,10
1773,MGC5,10/12/22,AM,1,1,0,80,NA,,12,10
1774,MGC5,10/12/22,PM,1,1,0,0,NA,,12,10
1775,MGC6,10/12/22,AM,1,1,0,60,NA,,12,10
1776,MGC6,10/12/22,PM,1,1,0,0,NA,,12,10
1777,MGC1,11/12/22,AM,1,1,0,0,NA,,12,11
1778,MGC1,11/12/22,PM,1,1,0,0,NA,,12,11
1779,MGC2,11/12/22,AM,1,1,0,0,NA,,12,11
1780,MGC2,11/12/22,PM,1,1,0,0,NA,,12,11
1781,MGC3,11/12/22,AM,1,1,0,0,NA,,12,11
1782,MGC3,11/12/22,PM,1,1,0,0,NA,,12,11
1783,MGC4,11/12/22,AM,1,1,0,0,NA,,12,11
1784,MGC4,11/12/22,PM,1,1,0,0,NA,,12,11
1785,MGC5,11/12/22,AM,1,1,0,0,NA,,12,11
1786,MGC5,11/12/22,PM,1,1,0,0,NA,,12,11
1787,MGC6,11/12/22,AM,1,1,0,0,NA,,12,11
1788,MGC6,11/12/22,PM,1,1,0,0,NA,,12,11
1789,MGC1,12/12/22,AM,1,1,0,0,NA,,12,12
1790,MGC1,12/12/22,PM,1,1,0,0,NA,,12,12
1791,MGC2,12/12/22,AM,1,1,0,0,NA,,12,12
1792,MGC2,12/12/22,PM,1,1,0,0,NA,,12,12
1793,MGC3,12/12/22,AM,1,1,0,0,NA,,12,12
1794,MGC3,12/12/22,PM,1,1,0,0,NA,,12,12
1795,MGC4,12/12/22,AM,1,1,0,0,NA,,12,12
1796,MGC4,12/12/22,PM,1,1,0,0,NA,,12,12
1797,MGC5,12/12/22,AM,1,1,0,0,NA,,12,12
1798,MGC5,12/12/22,PM,1,1,0,0,NA,,12,12
1799,MGC6,12/12/22,AM,1,1,0,0,NA,,12,12
1800,MGC6,12/12/22,PM,1,1,0,0,NA,,12,12
1801,MGC1,13/12/22,AM,1,1,0,0,NA,,12,13
1802,MGC1,13/12/22,PM,1,1,0,0,NA,,12,13
1803,MGC2,13/12/22,AM,1,1,0,0,NA,,12,13
1804,MGC2,13/12/22,PM,1,1,0,0,NA,,12,13
1805,MGC3,13/12/22,AM,1,1,0,0,NA,,12,13
1806,MGC3,13/12/22,PM,1,1,0,0,NA,,12,13
1807,MGC4,13/12/22,AM,1,1,0,0,NA,,12,13
1808,MGC4,13/12/22,PM,1,1,0,0,NA,,12,13
1809,MGC5,13/12/22,AM,1,1,0,0,NA,,12,13
1810,MGC5,13/12/22,PM,1,1,0,0,NA,,12,13
1811,MGC6,13/12/22,AM,1,1,0,0,NA,,12,13
1812,MGC6,13/12/22,PM,1,1,0,0,NA,,12,13
1813,MGC1,14/12/22,AM,NA,NA,NA,NA,NA,,12,14
1814,MGC1,14/12/22,PM,1,1,0,NA,NA,,12,14
1815,MGC2,14/12/22,AM,NA,NA,NA,NA,NA,,12,14
1816,MGC2,14/12/22,PM,1,1,0,NA,NA,,12,14
1817,MGC3,14/12/22,AM,NA,NA,NA,NA,NA,,12,14
1818,MGC3,14/12/22,PM,0,1,0,NA,NA,,12,14
1819,MGC4,14/12/22,AM,NA,NA,NA,NA,NA,,12,14
1820,MGC4,14/12/22,PM,1,1,0,NA,NA,,12,14
1821,MGC5,14/12/22,AM,NA,NA,NA,NA,NA,,12,14
1822,MGC5,14/12/22,PM,0,1,0,NA,NA,,12,14
1823,MGC6,14/12/22,AM,NA,NA,NA,NA,NA,,12,14
1824,MGC6,14/12/22,PM,1,1,0,NA,NA,,12,14
1825,MGC1,15/12/22,AM,0,1,0,30,NA,,12,15
1826,MGC1,15/12/22,PM,NA,NA,NA,NA,NA,,12,15
1827,MGC2,15/12/22,AM,0,1,0,30,NA,,12,15
1828,MGC2,15/12/22,PM,NA,NA,NA,NA,NA,,12,15
1829,MGC3,15/12/22,AM,0,1,0,90,NA,,12,15
1830,MGC3,15/12/22,PM,NA,NA,NA,NA,NA,,12,15
1831,MGC4,15/12/22,AM,0,1,0,80,NA,,12,15
1832,MGC4,15/12/22,PM,NA,NA,NA,NA,NA,,12,15
1833,MGC5,15/12/22,AM,1,1,0,80,NA,,12,15
1834,MGC5,15/12/22,PM,NA,NA,NA,NA,NA,,12,15
1835,MGC6,15/12/22,AM,1,1,0,70,NA,,12,15
1836,MGC6,15/12/22,PM,NA,NA,NA,NA,NA,,12,15
1837,MGC1,16/12/22,AM,NA,NA,NA,NA,NA,,12,16
1838,MGC1,16/12/22,PM,1,NA,0,NA,NA,,12,16
1839,MGC2,16/12/22,AM,NA,NA,NA,NA,NA,,12,16
1840,MGC2,16/12/22,PM,0,1,0,NA,NA,,12,16
1841,MGC3,16/12/22,AM,NA,NA,NA,NA,NA,,12,16
1842,MGC3,16/12/22,PM,0,1,0,NA,NA,,12,16
1843,MGC4,16/12/22,AM,NA,NA,NA,NA,NA,,12,16
1844,MGC4,16/12/22,PM,1,1,0,80,NA,,12,16
1845,MGC5,16/12/22,AM,NA,NA,NA,NA,NA,,12,16
1846,MGC5,16/12/22,PM,1,1,0,NA,NA,,12,16
1847,MGC6,16/12/22,AM,NA,NA,NA,NA,NA,,12,16
1848,MGC6,16/12/22,PM,1,NA,0,NA,NA,,12,16
1849,MGC1,17/12/22,AM,1,1,0,NA,NA,,12,17
1850,MGC1,17/12/22,PM,NA,NA,NA,NA,NA,,12,17
1851,MGC2,17/12/22,AM,1,1,0,NA,NA,,12,17
1852,MGC2,17/12/22,PM,NA,NA,NA,NA,NA,,12,17
1853,MGC3,17/12/22,AM,0,1,0,NA,NA,,12,17
1854,MGC3,17/12/22,PM,NA,NA,NA,NA,NA,,12,17
1855,MGC4,17/12/22,AM,1,1,0,NA,NA,,12,17
1856,MGC4,17/12/22,PM,NA,NA,NA,NA,NA,,12,17
1857,MGC5,17/12/22,AM,1,1,0,NA,NA,,12,17
1858,MGC5,17/12/22,PM,NA,NA,NA,NA,NA,,12,17
1859,MGC6,17/12/22,AM,0,1,0,NA,NA,,12,17
1860,MGC6,17/12/22,PM,NA,NA,NA,NA,NA,,12,17
1861,MGC1,18/12/22,AM,1,1,0,0,NA,,12,18
1862,MGC1,18/12/22,PM,1,1,0,NA,NA,,12,18
1863,MGC2,18/12/22,AM,0,1,0,0,NA,,12,18
1864,MGC2,18/12/22,PM,0,1,0,NA,NA,,12,18
1865,MGC3,18/12/22,AM,1,1,0,0,NA,,12,18
1866,MGC3,18/12/22,PM,1,1,0,NA,NA,,12,18
1867,MGC4,18/12/22,AM,1,1,0,0,NA,,12,18
1868,MGC4,18/12/22,PM,1,1,0,NA,NA,,12,18
1869,MGC5,18/12/22,AM,1,1,0,0,NA,,12,18
1870,MGC5,18/12/22,PM,1,1,0,NA,NA,,12,18
1871,MGC6,18/12/22,AM,1,1,0,0,NA,,12,18
1872,MGC6,18/12/22,PM,0,1,0,NA,NA,,12,18
1873,MGC1,20/12/22,AM,NA,NA,NA,NA,NA,,12,20
1874,MGC1,20/12/22,PM,1,1,0,NA,NA,,12,20
1875,MGC2,20/12/22,AM,NA,NA,NA,NA,NA,,12,20
1876,MGC2,20/12/22,PM,1,1,0,NA,NA,,12,20
1877,MGC3,20/12/22,AM,NA,NA,NA,NA,NA,,12,20
1878,MGC3,20/12/22,PM,1,1,0,NA,NA,,12,20
1879,MGC4,20/12/22,AM,NA,NA,NA,NA,NA,,12,20
1880,MGC4,20/12/22,PM,0,1,0,NA,NA,,12,20
1881,MGC5,20/12/22,AM,NA,NA,NA,NA,NA,,12,20
1882,MGC5,20/12/22,PM,1,1,0,NA,NA,,12,20
1883,MGC6,20/12/22,AM,NA,NA,NA,NA,NA,,12,20
1884,MGC6,20/12/22,PM,1,1,0,NA,NA,,12,20
1885,MGC1,21/12/22,AM,NA,NA,NA,NA,NA,,12,21
1886,MGC1,21/12/22,PM,NA,1,0,NA,0,,12,21
1887,MGC2,21/12/22,AM,NA,NA,NA,NA,NA,,12,21
1888,MGC2,21/12/22,PM,1,1,0,NA,0,,12,21
1889,MGC3,21/12/22,AM,NA,NA,NA,NA,NA,,12,21
1890,MGC3,21/12/22,PM,NA,1,0,NA,0,,12,21
1891,MGC4,21/12/22,AM,NA,NA,NA,NA,NA,,12,21
1892,MGC4,21/12/22,PM,1,1,0,NA,0,,12,21
1893,MGC5,21/12/22,AM,NA,NA,NA,NA,NA,,12,21
1894,MGC5,21/12/22,PM,NA,1,0,NA,0,,12,21
1895,MGC6,21/12/22,AM,NA,NA,NA,NA,NA,,12,21
1896,MGC6,21/12/22,PM,NA,1,0,NA,0,,12,21
1897,MGC1,23/12/22,AM,1,1,0,NA,NA,,12,23
1898,MGC1,23/12/22,PM,1,1,0,NA,NA,,12,23
1899,MGC2,23/12/22,AM,1,1,0,NA,NA,,12,23
1900,MGC2,23/12/22,PM,1,1,0,NA,NA,,12,23
1901,MGC3,23/12/22,AM,1,1,0,NA,NA,,12,23
1902,MGC3,23/12/22,PM,1,1,0,NA,NA,,12,23
1903,MGC4,23/12/22,AM,1,1,0,NA,NA,,12,23
1904,MGC4,23/12/22,PM,1,1,0,NA,NA,,12,23
1905,MGC5,23/12/22,AM,1,1,0,NA,NA,,12,23
1906,MGC5,23/12/22,PM,1,1,0,NA,NA,,12,23
1907,MGC6,23/12/22,AM,1,1,0,NA,NA,,12,23
1908,MGC6,23/12/22,PM,1,1,0,NA,NA,,12,23
1909,MGC1,25/12/22,AM,NA,NA,NA,NA,NA,,12,25
1910,MGC1,25/12/22,PM,1,1,0,NA,NA,,12,25
1911,MGC2,25/12/22,AM,NA,NA,NA,NA,NA,,12,25
1912,MGC2,25/12/22,PM,1,1,0,NA,NA,,12,25
1913,MGC3,25/12/22,AM,NA,NA,NA,NA,NA,,12,25
1914,MGC3,25/12/22,PM,1,1,0,NA,NA,,12,25
1915,MGC4,25/12/22,AM,NA,NA,NA,NA,NA,,12,25
1916,MGC4,25/12/22,PM,0,1,0,NA,NA,,12,25
1917,MGC5,25/12/22,AM,NA,NA,NA,NA,NA,,12,25
1918,MGC5,25/12/22,PM,1,1,0,NA,NA,,12,25
1919,MGC6,25/12/22,AM,NA,NA,NA,NA,NA,,12,25
1920,MGC6,25/12/22,PM,0,1,0,NA,NA,,12,25
1921,MGC1,27/12/22,AM,NA,NA,NA,NA,NA,,12,27
1922,MGC1,27/12/22,PM,1,1,0,0,NA,,12,27
1923,MGC2,27/12/22,AM,NA,NA,NA,NA,NA,,12,27
1924,MGC2,27/12/22,PM,0,1,0,0,NA,,12,27
1925,MGC3,27/12/22,AM,NA,NA,NA,NA,NA,,12,27
1926,MGC3,27/12/22,PM,1,1,0,0,NA,,12,27
1927,MGC4,27/12/22,AM,NA,NA,NA,NA,NA,,12,27
1928,MGC4,27/12/22,PM,1,1,0,0,NA,,12,27
1929,MGC5,27/12/22,AM,NA,NA,NA,NA,NA,,12,27
1930,MGC5,27/12/22,PM,1,1,0,0,NA,,12,27
1931,MGC6,27/12/22,AM,NA,NA,NA,NA,NA,,12,27
1932,MGC6,27/12/22,PM,0,1,0,0,NA,,12,27
1933,MGC1,28/12/22,AM,NA,NA,NA,NA,NA,,12,28
1934,MGC1,28/12/22,PM,1,1,0,0,NA,,12,28
1935,MGC2,28/12/22,AM,NA,NA,NA,NA,NA,,12,28
1936,MGC2,28/12/22,PM,1,1,0,0,NA,,12,28
1937,MGC3,28/12/22,AM,NA,NA,NA,NA,NA,,12,28
1938,MGC3,28/12/22,PM,1,1,0,0,NA,,12,28
1939,MGC4,28/12/22,AM,NA,NA,NA,NA,NA,,12,28
1940,MGC4,28/12/22,PM,1,1,0,0,NA,,12,28
1941,MGC5,28/12/22,AM,NA,NA,NA,NA,NA,,12,28
1942,MGC5,28/12/22,PM,1,1,0,0,NA,,12,28
1943,MGC6,28/12/22,AM,NA,NA,NA,NA,NA,,12,28
1944,MGC6,28/12/22,PM,1,1,0,0,NA,,12,28