ID,Date,Feeding_Time,Pellet_Cake,Fish_Prawn,Swimming_Eratically,Body_Coloration,Rubbing,Remarks
MGC1,1/7/22,AM,0,0,0,0,,
MGC1,1/7/22,PM,0,0,0,0,,
MGC2,1/7/22,AM,0,1,0,0,,
MGC2,1/7/22,PM,0,1,0,0,,
MGC3,1/7/22,AM,0,1,0,0,,
MGC3,1/7/22,PM,0,1,0,0,,
MGC4,1/7/22,AM,0,1,0,0,,
MGC4,1/7/22,PM,1,1,0,0,,
MGC5,1/7/22,AM,0,1,0,0,,
MGC5,1/7/22,PM,1,1,0,0,,
MGC6,1/7/22,AM,1,1,0,0,,
MGC6,1/7/22,PM,0,0,0,0,,
MGC1,2/7/22,AM,0,0,0,0,,
MGC1,2/7/22,PM,0,0,0,0,,
MGC2,2/7/22,AM,0,1,0,0,,
MGC2,2/7/22,PM,1,1,0,0,,
MGC3,2/7/22,AM,0,1,0,0,,
MGC3,2/7/22,PM,0,1,0,0,,
MGC4,2/7/22,AM,0,1,0,0,,
MGC4,2/7/22,PM,1,1,0,0,,
MGC5,2/7/22,AM,0,1,0,0,,
MGC5,2/7/22,PM,1,1,0,0,,
MGC6,2/7/22,AM,0,1,0,0,,
MGC6,2/7/22,PM,1,0,0,0,,
MGC1,3/7/22,AM,0,0,0,0,,
MGC1,3/7/22,PM,0,0,0,0,,
MGC2,3/7/22,AM,1,1,0,0,,
MGC2,3/7/22,PM,1,0,0,0,,
MGC3,3/7/22,AM,0,1,0,0,,
MGC3,3/7/22,PM,1,1,0,0,,
MGC4,3/7/22,AM,1,1,0,0,,
MGC4,3/7/22,PM,1,1,0,0,,
MGC5,3/7/22,AM,1,1,0,0,,
MGC5,3/7/22,PM,1,1,0,0,,
MGC6,3/7/22,AM,1,1,0,0,,
MGC6,3/7/22,PM,1,1,0,0,,
MGC1,4/7/22,AM,0,0,0,0,,
MGC1,4/7/22,PM,0,0,0,0,,
MGC2,4/7/22,AM,0,1,0,0,,
MGC2,4/7/22,PM,0,1,0,0,,
MGC3,4/7/22,AM,0,0,0,0,,
MGC3,4/7/22,PM,0,1,0,0,,
MGC4,4/7/22,AM,1,1,0,0,,
MGC4,4/7/22,PM,1,1,0,0,,
MGC5,4/7/22,AM,1,1,0,0,,
MGC5,4/7/22,PM,1,1,0,0,,
MGC6,4/7/22,AM,0,1,0,0,,
MGC6,4/7/22,PM,1,0,0,0,,
MGC1,5/7/22,AM,0,0,0,0,,
MGC1,5/7/22,PM,0,0,0,0,,
MGC2,5/7/22,AM,1,1,0,0,,
MGC2,5/7/22,PM,1,1,0,0,,
MGC3,5/7/22,AM,0,1,0,0,,
MGC3,5/7/22,PM,1,1,0,0,,
MGC4,5/7/22,AM,1,1,0,0,,
MGC4,5/7/22,PM,1,1,0,0,,
MGC5,5/7/22,AM,1,1,0,0,,
MGC5,5/7/22,PM,0,1,0,0,,
MGC6,5/7/22,AM,0,0,0,0,,
MGC6,5/7/22,PM,0,1,0,0,,
MGC1,6/7/22,AM,0,0,0,0,,
MGC1,6/7/22,PM,0,0,0,0,,
MGC2,6/7/22,AM,0,0,0,0,,
MGC2,6/7/22,PM,1,1,0,0,,
MGC3,6/7/22,AM,1,1,0,0,,
MGC3,6/7/22,PM,1,1,0,0,,
MGC4,6/7/22,AM,1,1,0,0,,
MGC4,6/7/22,PM,1,1,0,0,,
MGC5,6/7/22,AM,0,1,0,0,,
MGC5,6/7/22,PM,0,0,0,0,,
MGC6,6/7/22,AM,1,0,0,0,,
MGC6,6/7/22,PM,1,1,0,0,,
MGC1,7/7/22,AM,0,0,0,0,,
MGC1,7/7/22,PM,0,0,0,0,,
MGC2,7/7/22,AM,0,1,0,0,,
MGC2,7/7/22,PM,0,1,0,0,,
MGC3,7/7/22,AM,0,0,0,0,,
MGC3,7/7/22,PM,0,0,0,0,,
MGC4,7/7/22,AM,1,1,0,0,,
MGC4,7/7/22,PM,0,1,0,0,,
MGC5,7/7/22,AM,1,1,0,0,,
MGC5,7/7/22,PM,1,1,0,0,,
MGC6,7/7/22,AM,0,0,0,0,,
MGC6,7/7/22,PM,0,0,0,0,,
MGC1,8/7/22,AM,0,0,0,0,,
MGC1,8/7/22,PM,0,0,0,0,,
MGC2,8/7/22,AM,0,1,0,0,,
MGC2,8/7/22,PM,0,1,0,0,,
MGC3,8/7/22,AM,1,0,0,0,,
MGC3,8/7/22,PM,1,1,0,0,,
MGC4,8/7/22,AM,1,1,0,0,,
MGC4,8/7/22,PM,1,1,0,0,,
MGC5,8/7/22,AM,0,1,0,0,,
MGC5,8/7/22,PM,1,1,0,0,,
MGC6,8/7/22,AM,0,0,0,0,,
MGC6,8/7/22,PM,1,1,0,0,,
MGC1,9/7/22,AM,0,0,0,0,,
MGC1,9/7/22,PM,0,0,0,0,,
MGC2,9/7/22,AM,1,1,0,0,,
MGC2,9/7/22,PM,1,1,0,0,,
MGC3,9/7/22,AM,1,1,0,0,,
MGC3,9/7/22,PM,1,1,0,0,,
MGC4,9/7/22,AM,1,1,0,0,,
MGC4,9/7/22,PM,1,1,0,0,,
MGC5,9/7/22,AM,1,1,0,0,,
MGC5,9/7/22,PM,1,1,0,0,,
MGC6,9/7/22,AM,1,1,0,0,,
MGC6,9/7/22,PM,1,1,0,0,,
MGC1,10/7/22,AM,0,0,0,0,,
MGC1,10/7/22,PM,0,0,0,0,,
MGC2,10/7/22,AM,1,1,0,0,,
MGC2,10/7/22,PM,1,1,0,0,,
MGC3,10/7/22,AM,1,1,0,0,,
MGC3,10/7/22,PM,1,1,0,0,,
MGC4,10/7/22,AM,1,1,0,0,,
MGC4,10/7/22,PM,1,1,0,0,,
MGC5,10/7/22,AM,1,1,0,0,,
MGC5,10/7/22,PM,1,1,0,0,,
MGC6,10/7/22,AM,0,1,0,0,,
MGC6,10/7/22,PM,1,1,0,0,,
MGC1,11/7/22,AM,0,0,0,0,,
MGC1,11/7/22,PM,0,0,0,0,,
MGC2,11/7/22,AM,1,1,0,0,,
MGC2,11/7/22,PM,1,1,0,0,,
MGC3,11/7/22,AM,1,1,0,0,,
MGC3,11/7/22,PM,1,1,0,0,,
MGC4,11/7/22,AM,0,0,0,0,,
MGC4,11/7/22,PM,0,1,0,0,,
MGC5,11/7/22,AM,0,0,0,0,,
MGC5,11/7/22,PM,1,1,0,0,,
MGC6,11/7/22,AM,0,0,0,0,,
MGC6,11/7/22,PM,0,1,0,0,,
MGC1,12/7/22,AM,0,0,0,0,,
MGC1,12/7/22,PM,0,1,0,0,,
MGC2,12/7/22,AM,1,1,0,0,,
MGC2,12/7/22,PM,0,0,0,0,,
MGC3,12/7/22,AM,1,1,0,0,,
MGC3,12/7/22,PM,1,1,0,0,,
MGC4,12/7/22,AM,1,1,0,0,,
MGC4,12/7/22,PM,0,0,0,0,,
MGC5,12/7/22,AM,1,1,0,0,,
MGC5,12/7/22,PM,0,0,0,0,,
MGC6,12/7/22,AM,1,1,0,0,,
MGC6,12/7/22,PM,0,1,0,0,,
MGC1,13/7/22,AM,1,0,0,0,,
MGC1,13/7/22,PM,1,1,0,0,,
MGC2,13/7/22,AM,1,1,0,0,,
MGC2,13/7/22,PM,1,1,0,0,,
MGC3,13/7/22,AM,1,1,0,0,,
MGC3,13/7/22,PM,0,1,0,0,,
MGC4,13/7/22,AM,1,1,0,0,,
MGC4,13/7/22,PM,1,1,0,0,,
MGC5,13/7/22,AM,1,1,0,0,,
MGC5,13/7/22,PM,1,0,0,0,,
MGC6,13/7/22,AM,0,1,0,0,,
MGC6,13/7/22,PM,1,0,0,0,,
MGC1,14/7/22,AM,0,1,0,0,,
MGC1,14/7/22,PM,0,0,0,0,,
MGC2,14/7/22,AM,1,0,0,0,,
MGC2,14/7/22,PM,0,1,0,0,,
MGC3,14/7/22,AM,0,0,0,0,,
MGC3,14/7/22,PM,0,1,0,0,,
MGC4,14/7/22,AM,1,1,0,0,,
MGC4,14/7/22,PM,0,1,0,0,,
MGC5,14/7/22,AM,1,1,1,0,,
MGC5,14/7/22,PM,1,1,0,0,,
MGC6,14/7/22,AM,0,1,0,0,,
MGC6,14/7/22,PM,1,1,0,0,,
MGC1,15/7/22,AM,1,0,0,0,,
MGC1,15/7/22,PM,1,1,0,0,,
MGC2,15/7/22,AM,0,1,0,0,,
MGC2,15/7/22,PM,0,1,0,0,,
MGC3,15/7/22,AM,0,0,0,0,,
MGC3,15/7/22,PM,0,0,0,0,,
MGC4,15/7/22,AM,1,1,0,0,,
MGC4,15/7/22,PM,0,1,0,0,,
MGC5,15/7/22,AM,1,1,0,0,,
MGC5,15/7/22,PM,0,1,0,0,,
MGC6,15/7/22,AM,1,0,0,0,,
MGC6,15/7/22,PM,1,1,0,0,,
MGC1,16/7/22,AM,0,1,0,0,,
MGC1,16/7/22,PM,0,0,0,0,,
MGC2,16/7/22,AM,0,0,0,0,,
MGC2,16/7/22,PM,1,1,0,0,,
MGC3,16/7/22,AM,0,0,0,0,,
MGC3,16/7/22,PM,0,1,0,0,,
MGC4,16/7/22,AM,1,1,0,0,,
MGC4,16/7/22,PM,1,0,0,0,,
MGC5,16/7/22,AM,1,1,0,0,,
MGC5,16/7/22,PM,0,1,0,0,,
MGC6,16/7/22,AM,1,0,0,0,,
MGC6,16/7/22,PM,0,0,0,0,,
MGC1,17/7/22,AM,0,1,0,0,,
MGC1,17/7/22,PM,0,0,0,0,,
MGC2,17/7/22,AM,0,1,0,0,,
MGC2,17/7/22,PM,1,1,0,0,,
MGC3,17/7/22,AM,1,1,0,0,,
MGC3,17/7/22,PM,0,1,0,0,,
MGC4,17/7/22,AM,1,1,0,0,,
MGC4,17/7/22,PM,0,0,0,0,,
MGC5,17/7/22,AM,0,1,0,0,,
MGC5,17/7/22,PM,1,1,0,0,,
MGC6,17/7/22,AM,1,1,0,0,,
MGC6,17/7/22,PM,0,0,0,0,,
MGC1,18/7/22,AM,0,0,0,0,0,
MGC1,18/7/22,PM,0,1,0,0,0,
MGC2,18/7/22,AM,0,0,0,0,0,
MGC2,18/7/22,PM,0,0,0,0,0,
MGC3,18/7/22,AM,0,0,0,0,0,
MGC3,18/7/22,PM,0,1,0,0,0,
MGC4,18/7/22,AM,0,0,0,0,0,
MGC4,18/7/22,PM,0,1,0,0,0,
MGC5,18/7/22,AM,0,0,0,0,0,
MGC5,18/7/22,PM,1,1,0,0,0,
MGC6,18/7/22,AM,0,0,0,0,0,
MGC6,18/7/22,PM,0,1,0,0,0,
MGC1,20/7/22,AM,1,NA,0,0,0,
MGC1,20/7/22,PM,0,0,0,0,,
MGC2,20/7/22,AM,0,1,0,0,,
MGC2,20/7/22,PM,0,1,0,0,,
MGC3,20/7/22,AM,1,1,0,0,,
MGC3,20/7/22,PM,1,1,0,0,,
MGC4,20/7/22,AM,1,1,0,0,,
MGC4,20/7/22,PM,1,1,0,0,,
MGC5,20/7/22,AM,1,1,0,0,,
MGC5,20/7/22,PM,0,0,0,0,,
MGC6,20/7/22,AM,0,1,0,0,,
MGC6,20/7/22,PM,1,1,0,0,,
MGC1,21/7/22,AM,NA,0,0,0,,
MGC1,21/7/22,PM,NA,1,0,0,,
MGC2,21/7/22,AM,NA,0,0,0,,
MGC2,21/7/22,PM,NA,1,0,0,,
MGC3,21/7/22,AM,NA,0,0,0,,
MGC3,21/7/22,PM,NA,1,0,0,,
MGC4,21/7/22,AM,NA,1,0,0,,
MGC4,21/7/22,PM,NA,1,0,0,,
MGC5,21/7/22,AM,NA,1,0,0,,
MGC5,21/7/22,PM,NA,1,0,0,,
MGC6,21/7/22,AM,NA,0,0,0,,
MGC6,21/7/22,PM,NA,1,0,0,,
MGC1,22/7/22,AM,NA,0,0,0,,
MGC1,22/7/22,PM,0,0,0,0,,
MGC2,22/7/22,AM,NA,0,0,0,,
MGC2,22/7/22,PM,1,1,0,0,,
MGC3,22/7/22,AM,NA,1,0,0,,
MGC3,22/7/22,PM,1,1,0,0,,
MGC4,22/7/22,AM,NA,1,0,0,,
MGC4,22/7/22,PM,1,0,0,0,,
MGC5,22/7/22,AM,NA,1,0,0,,
MGC5,22/7/22,PM,0,0,0,0,,
MGC6,22/7/22,AM,NA,1,0,0,,
MGC6,22/7/22,PM,0,1,0,0,,
MGC1,23/7/22,AM,0,1,0,0,,
MGC1,23/7/22,PM,0,1,0,0,,
MGC2,23/7/22,AM,1,1,0,0,,
MGC2,23/7/22,PM,0,1,0,0,,
MGC3,23/7/22,AM,0,1,0,0,,
MGC3,23/7/22,PM,0,1,0,0,,
MGC4,23/7/22,AM,1,1,0,0,,
MGC4,23/7/22,PM,1,1,0,0,,
MGC5,23/7/22,AM,1,1,0,0,,
MGC5,23/7/22,PM,0,1,0,0,,
MGC6,23/7/22,AM,0,1,0,0,,
MGC6,23/7/22,PM,1,1,0,0,,
MGC1,24/7/22,AM,0,0,0,0,,
MGC1,24/7/22,PM,0,0,0,0,,
MGC2,24/7/22,AM,1,1,0,0,,
MGC2,24/7/22,PM,0,0,0,0,,
MGC3,24/7/22,AM,0,1,0,0,,
MGC3,24/7/22,PM,0,1,0,0,,
MGC4,24/7/22,AM,1,1,0,0,,
MGC4,24/7/22,PM,1,1,0,0,,
MGC5,24/7/22,AM,0,1,0,0,,
MGC5,24/7/22,PM,1,1,0,0,,
MGC6,24/7/22,AM,1,0,0,0,,
MGC6,24/7/22,PM,0,0,0,0,,
MGC1,25/7/22,AM,NA,NA,NA,NA,,
MGC1,25/7/22,PM,0,1,0,0,,
MGC2,25/7/22,AM,NA,NA,NA,NA,,
MGC2,25/7/22,PM,0,1,0,0,,
MGC3,25/7/22,AM,NA,NA,NA,NA,,
MGC3,25/7/22,PM,1,1,0,0,,
MGC4,25/7/22,AM,NA,NA,NA,NA,,
MGC4,25/7/22,PM,1,1,0,0,,
MGC5,25/7/22,AM,NA,NA,NA,NA,,
MGC5,25/7/22,PM,0,1,0,0,,
MGC6,25/7/22,AM,NA,NA,NA,NA,,
MGC6,25/7/22,PM,0,1,0,0,,
MGC1,26/7/22,AM,0,0,0,0,,
MGC1,26/7/22,PM,0,0,0,0,,
MGC2,26/7/22,AM,0,0,0,0,,
MGC2,26/7/22,PM,0,1,0,0,,
MGC3,26/7/22,AM,1,1,0,0,,
MGC3,26/7/22,PM,0,1,0,0,,
MGC4,26/7/22,AM,0,1,0,0,,
MGC4,26/7/22,PM,0,1,0,0,,
MGC5,26/7/22,AM,1,0,0,0,,
MGC5,26/7/22,PM,1,1,0,0,,
MGC6,26/7/22,AM,0,0,0,0,,slightly bright
MGC6,26/7/22,PM,1,1,0,0,,
MGC1,27/7/22,AM,0,0,0,0,,
MGC1,27/7/22,PM,0,0,0,0,,
MGC2,27/7/22,AM,0,1,0,0,,
MGC2,27/7/22,PM,0,1,0,0,,
MGC3,27/7/22,AM,0,0,0,0,,
MGC3,27/7/22,PM,0,0,0,0,,
MGC4,27/7/22,AM,1,1,0,0,,
MGC4,27/7/22,PM,1,1,0,0,,
MGC5,27/7/22,AM,0,1,0,0,,
MGC5,27/7/22,PM,1,1,0,0,,
MGC6,27/7/22,AM,1,0,0,0,,
MGC6,27/7/22,PM,1,1,0,0,,
MGC1,28/7/22,AM,0,0,0,0,,
MGC1,28/7/22,PM,0,0,0,0,,
MGC2,28/7/22,AM,0,1,0,0,,
MGC2,28/7/22,PM,1,1,0,0,,
MGC3,28/7/22,AM,0,1,0,0,,
MGC3,28/7/22,PM,0,1,0,0,,
MGC4,28/7/22,AM,1,0,0,0,,
MGC4,28/7/22,PM,1,1,0,0,,
MGC5,28/7/22,AM,1,1,0,0,,
MGC5,28/7/22,PM,0,1,0,0,,
MGC6,28/7/22,AM,1,0,0,0,,
MGC6,28/7/22,PM,0,1,0,0,,
MGC1,29/7/22,AM,0,0,0,0,,
MGC1,29/7/22,PM,0,0,0,0,,
MGC2,29/7/22,AM,0,0,0,0,,
MGC2,29/7/22,PM,0,1,0,0,,
MGC3,29/7/22,AM,1,1,0,0,,
MGC3,29/7/22,PM,1,1,0,0,,
MGC4,29/7/22,AM,1,1,0,0,,
MGC4,29/7/22,PM,0,1,0,0,,
MGC5,29/7/22,AM,1,1,0,0,,
MGC5,29/7/22,PM,0,1,0,0,,
MGC6,29/7/22,AM,1,1,0,0,,
MGC6,29/7/22,PM,0,1,0,0,,
MGC1,30/7/22,AM,0,1,0,0,,
MGC1,30/7/22,PM,0,1,0,0,,
MGC2,30/7/22,AM,1,1,0,0,,
MGC2,30/7/22,PM,0,0,0,0,,
MGC3,30/7/22,AM,1,1,0,0,,
MGC3,30/7/22,PM,0,0,0,0,,
MGC4,30/7/22,AM,1,0,0,0,,
MGC4,30/7/22,PM,1,1,0,0,,
MGC5,30/7/22,AM,1,1,0,0,,
MGC5,30/7/22,PM,1,1,0,0,,
MGC6,30/7/22,AM,0,1,0,0,,
MGC6,30/7/22,PM,0,1,0,0,,
MGC1,31/7/22,AM,0,0,0,0,,
MGC1,31/7/22,PM,0,1,0,0,,
MGC2,31/7/22,AM,1,1,0,0,,
MGC2,31/7/22,PM,0,1,0,0,,
MGC3,31/7/22,AM,1,1,0,0,,
MGC3,31/7/22,PM,1,0,0,0,,
MGC4,31/7/22,AM,0,0,0,0,,
MGC4,31/7/22,PM,1,1,0,0,,
MGC5,31/7/22,AM,0,1,0,0,,
MGC5,31/7/22,PM,1,1,0,0,,
MGC6,31/7/22,AM,1,1,0,0,,
MGC6,31/7/22,PM,0,0,0,0,,
MGC1,1/8/22,AM,0,1,0,0,,
MGC1,1/8/22,PM,0,1,0,0,,
MGC2,1/8/22,AM,0,1,0,0,,
MGC2,1/8/22,PM,1,1,0,0,,
MGC3,1/8/22,AM,0,1,0,0,,
MGC3,1/8/22,PM,0,1,0,0,,
MGC4,1/8/22,AM,1,1,0,0,,
MGC4,1/8/22,PM,0,1,0,0,,
MGC5,1/8/22,AM,1,1,0,0,,
MGC5,1/8/22,PM,1,1,0,0,,
MGC6,1/8/22,AM,1,1,0,0,,colour darker
MGC6,1/8/22,PM,0,1,0,0,,
MGC1,2/8/22,AM,NA,NA,NA,NA,,
MGC1,2/8/22,PM,0,1,0,0,,
MGC2,2/8/22,AM,NA,NA,NA,NA,,
MGC2,2/8/22,PM,0,1,0,0,,
MGC3,2/8/22,AM,NA,NA,NA,NA,,
MGC3,2/8/22,PM,1,1,0,0,,
MGC4,2/8/22,AM,NA,NA,NA,NA,,
MGC4,2/8/22,PM,1,1,0,0,,
MGC5,2/8/22,AM,NA,NA,NA,NA,,
MGC5,2/8/22,PM,0,1,0,0,,
MGC6,2/8/22,AM,NA,NA,NA,NA,,
MGC6,2/8/22,PM,0,1,0,0,,
MGC1,3/8/22,AM,0,1,0,0,,
MGC1,3/8/22,PM,0,1,0,0,,
MGC2,3/8/22,AM,0,1,0,0,,
MGC2,3/8/22,PM,0,1,0,0,,
MGC3,3/8/22,AM,0,1,0,0,,
MGC3,3/8/22,PM,0,1,0,0,,
MGC4,3/8/22,AM,0,1,0,0,,
MGC4,3/8/22,PM,1,1,0,0,,
MGC5,3/8/22,AM,1,1,0,0,,
MGC5,3/8/22,PM,1,1,0,0,,
MGC6,3/8/22,AM,0,1,0,0,,slightly bright
MGC6,3/8/22,PM,1,1,0,0,,
MGC1,4/8/22,AM,NA,NA,NA,NA,,
MGC1,4/8/22,PM,1,1,0,0,,
MGC2,4/8/22,AM,NA,NA,NA,NA,,
MGC2,4/8/22,PM,1,1,0,0,,
MGC3,4/8/22,AM,NA,NA,NA,NA,,
MGC3,4/8/22,PM,1,1,0,0,,
MGC4,4/8/22,AM,NA,NA,NA,NA,,
MGC4,4/8/22,PM,0,1,0,0,,
MGC5,4/8/22,AM,NA,NA,NA,NA,,
MGC5,4/8/22,PM,0,1,0,0,,
MGC6,4/8/22,AM,NA,NA,NA,NA,,
MGC6,4/8/22,PM,1,1,0,0,,darker
MGC1,5/8/22,AM,0,1,0,0,,
MGC1,5/8/22,PM,0,1,0,0,,
MGC2,5/8/22,AM,1,1,0,0,,
MGC2,5/8/22,PM,1,1,0,0,,
MGC3,5/8/22,AM,1,1,0,0,,
MGC3,5/8/22,PM,1,1,0,0,,
MGC4,5/8/22,AM,0,1,0,0,,
MGC4,5/8/22,PM,1,1,0,0,,
MGC5,5/8/22,AM,1,1,0,0,,
MGC5,5/8/22,PM,1,1,0,0,,
MGC6,5/8/22,AM,1,1,0,0,,
MGC6,5/8/22,PM,1,1,0,0,,
MGC1,6/8/22,AM,0,0,0,0,,
MGC1,6/8/22,PM,0,1,0,0,,
MGC2,6/8/22,AM,0,1,0,0,,
MGC2,6/8/22,PM,0,1,0,0,,
MGC3,6/8/22,AM,1,1,0,0,,
MGC3,6/8/22,PM,0,1,0,0,,
MGC4,6/8/22,AM,1,1,0,0,,
MGC4,6/8/22,PM,1,1,0,0,,
MGC5,6/8/22,AM,1,1,0,0,,
MGC5,6/8/22,PM,1,1,0,0,,
MGC6,6/8/22,AM,0,0,0,0,,
MGC6,6/8/22,PM,0,0,0,0,,
MGC1,7/8/22,AM,0,0,0,0,,
MGC1,7/8/22,PM,0,0,0,0,,
MGC2,7/8/22,AM,1,1,0,0,,
MGC2,7/8/22,PM,1,1,0,0,,
MGC3,7/8/22,AM,0,1,0,0,,
MGC3,7/8/22,PM,0,1,0,0,,
MGC4,7/8/22,AM,1,1,0,0,,
MGC4,7/8/22,PM,1,1,0,0,,
MGC5,7/8/22,AM,0,1,0,0,,
MGC5,7/8/22,PM,0,1,0,0,,
MGC6,7/8/22,AM,0,1,0,0,,
MGC6,7/8/22,PM,0,1,0,0,,
MGC1,8/8/22,AM,0,1,0,0,,
MGC1,8/8/22,PM,0,1,0,0,,
MGC2,8/8/22,AM,0,1,0,0,,
MGC2,8/8/22,PM,0,1,0,0,,
MGC3,8/8/22,AM,1,1,0,0,,
MGC3,8/8/22,PM,1,1,0,0,,
MGC4,8/8/22,AM,0,1,0,0,,
MGC4,8/8/22,PM,1,1,0,0,,
MGC5,8/8/22,AM,1,1,0,0,,
MGC5,8/8/22,PM,1,1,0,0,,
MGC6,8/8/22,AM,1,1,0,0,,darker
MGC6,8/8/22,PM,0,0,0,0,,darker
MGC1,9/8/22,AM,1,1,0,0,,
MGC1,9/8/22,PM,0,1,0,0,,
MGC2,9/8/22,AM,0,1,0,0,,darker
MGC2,9/8/22,PM,1,1,0,0,,darker
MGC3,9/8/22,AM,0,1,0,0,,
MGC3,9/8/22,PM,0,1,0,0,,
MGC4,9/8/22,AM,1,1,0,0,,
MGC4,9/8/22,PM,1,1,0,0,,
MGC5,9/8/22,AM,1,1,0,0,,
MGC5,9/8/22,PM,0,1,0,0,,
MGC6,9/8/22,AM,1,0,0,0,,darker
MGC6,9/8/22,PM,1,1,0,0,,darker
MGC1,10/8/22,AM,1,0,0,0,,
MGC1,10/8/22,PM,0,1,0,0,,
MGC2,10/8/22,AM,1,1,0,0,,
MGC2,10/8/22,PM,1,1,0,0,,
MGC3,10/8/22,AM,1,1,0,0,,
MGC3,10/8/22,PM,1,1,0,0,,
MGC4,10/8/22,AM,1,1,0,0,,
MGC4,10/8/22,PM,1,1,0,0,,
MGC5,10/8/22,AM,0,1,0,0,,
MGC5,10/8/22,PM,1,1,0,0,,
MGC6,10/8/22,AM,1,1,0,0,,
MGC6,10/8/22,PM,1,0,0,0,,
MGC1,11/8/22,AM,0,0,0,0,,slightly darker
MGC1,11/8/22,PM,0,1,0,0,,
MGC2,11/8/22,AM,0,0,0,0,,
MGC2,11/8/22,PM,0,0,0,0,,
MGC3,11/8/22,AM,1,1,0,0,,
MGC3,11/8/22,PM,1,1,0,0,,
MGC4,11/8/22,AM,1,1,0,0,,
MGC4,11/8/22,PM,1,1,0,0,,
MGC5,11/8/22,AM,1,1,0,0,,
MGC5,11/8/22,PM,1,1,0,0,,
MGC6,11/8/22,AM,0,0,0,0,,
MGC6,11/8/22,PM,1,0,0,0,,
MGC1,12/8/22,AM,0,0,0,0,,
MGC1,12/8/22,PM,1,1,0,0,,
MGC2,12/8/22,AM,0,0,0,0,,
MGC2,12/8/22,PM,0,0,0,0,,
MGC3,12/8/22,AM,1,1,0,0,,
MGC3,12/8/22,PM,1,1,0,0,,
MGC4,12/8/22,AM,1,1,0,0,,
MGC4,12/8/22,PM,0,1,0,0,,
MGC5,12/8/22,AM,1,1,0,0,,
MGC5,12/8/22,PM,1,1,0,0,,
MGC6,12/8/22,AM,0,0,0,0,,
MGC6,12/8/22,PM,0,0,0,0,,
MGC1,13/8/22,AM,0,1,0,0,,
MGC1,13/8/22,PM,0,1,0,0,,
MGC2,13/8/22,AM,1,1,0,0,,
MGC2,13/8/22,PM,1,1,0,0,,
MGC3,13/8/22,AM,1,1,0,0,,
MGC3,13/8/22,PM,0,1,0,0,,
MGC4,13/8/22,AM,1,1,0,0,,
MGC4,13/8/22,PM,1,1,0,0,,
MGC5,13/8/22,AM,0,1,0,0,,
MGC5,13/8/22,PM,1,1,0,0,,
MGC6,13/8/22,AM,1,1,0,0,,
MGC6,13/8/22,PM,0,1,0,0,,
MGC1,14/8/22,AM,1,1,0,0,,
MGC1,14/8/22,PM,1,1,0,0,,
MGC2,14/8/22,AM,1,1,0,0,,
MGC2,14/8/22,PM,0,1,0,0,,
MGC3,14/8/22,AM,1,1,0,0,,
MGC3,14/8/22,PM,1,1,0,0,,
MGC4,14/8/22,AM,1,1,0,0,,
MGC4,14/8/22,PM,1,1,0,0,,
MGC5,14/8/22,AM,0,1,0,0,,
MGC5,14/8/22,PM,0,1,0,0,,
MGC6,14/8/22,AM,0,1,0,0,,
MGC6,14/8/22,PM,0,1,0,0,,
MGC1,15/8/22,AM,1,1,0,0,,
MGC1,15/8/22,PM,1,1,0,0,,
MGC2,15/8/22,AM,0,1,0,0,,
MGC2,15/8/22,PM,0,1,0,0,,
MGC3,15/8/22,AM,1,1,0,0,,
MGC3,15/8/22,PM,1,1,0,0,,
MGC4,15/8/22,AM,1,0,0,0,,
MGC4,15/8/22,PM,1,0,0,0,,
MGC5,15/8/22,AM,0,0,0,0,,
MGC5,15/8/22,PM,1,0,0,0,,
MGC6,15/8/22,AM,0,1,0,0,,
MGC6,15/8/22,PM,1,1,0,0,,
MGC1,16/8/22,AM,0,1,0,0,,
MGC1,16/8/22,PM,0,1,0,0,,
MGC2,16/8/22,AM,0,0,0,0,,
MGC2,16/8/22,PM,1,1,0,0,,
MGC3,16/8/22,AM,1,1,0,0,,
MGC3,16/8/22,PM,1,1,0,0,,
MGC4,16/8/22,AM,1,1,0,0,,
MGC4,16/8/22,PM,1,1,0,0,,
MGC5,16/8/22,AM,1,1,0,0,,
MGC5,16/8/22,PM,1,1,0,0,,
MGC6,16/8/22,AM,1,1,0,0,,
MGC6,16/8/22,PM,1,0,0,0,,
MGC1,17/8/22,AM,0,1,0,0,,
MGC1,17/8/22,PM,1,1,0,0,,
MGC2,17/8/22,AM,0,1,0,0,,
MGC2,17/8/22,PM,1,1,0,0,,
MGC3,17/8/22,AM,0,1,0,0,,
MGC3,17/8/22,PM,1,1,0,0,,
MGC4,17/8/22,AM,1,1,0,0,,
MGC4,17/8/22,PM,1,1,0,0,,
MGC5,17/8/22,AM,0,0,0,0,,
MGC5,17/8/22,PM,1,1,0,0,,
MGC6,17/8/22,AM,0,0,0,0,,
MGC6,17/8/22,PM,1,0,0,0,,
MGC1,18/8/22,AM,0,1,0,0,,
MGC1,18/8/22,PM,0,1,0,0,,
MGC2,18/8/22,AM,1,1,0,0,,
MGC2,18/8/22,PM,0,1,0,0,,
MGC3,18/8/22,AM,0,1,0,0,,
MGC3,18/8/22,PM,0,1,0,0,,
MGC4,18/8/22,AM,1,1,0,0,,
MGC4,18/8/22,PM,0,1,0,0,,
MGC5,18/8/22,AM,1,1,0,0,,
MGC5,18/8/22,PM,1,1,0,0,,
MGC6,18/8/22,AM,1,0,0,0,,
MGC6,18/8/22,PM,0,1,0,0,,
MGC1,19/8/22,AM,0,1,0,0,,
MGC1,19/8/22,PM,0,1,0,0,,
MGC2,19/8/22,AM,1,1,0,0,,
MGC2,19/8/22,PM,0,1,0,0,,
MGC3,19/8/22,AM,0,1,0,0,,
MGC3,19/8/22,PM,0,1,0,0,,
MGC4,19/8/22,AM,1,1,0,0,,
MGC4,19/8/22,PM,1,1,0,0,,
MGC5,19/8/22,AM,1,1,0,0,,
MGC5,19/8/22,PM,1,1,0,0,,
MGC6,19/8/22,AM,0,0,0,0,,
MGC6,19/8/22,PM,0,0,0,0,,
MGC1,21/8/22,AM,1,1,0,0,,
MGC1,21/8/22,PM,NA,1,0,0,,
MGC2,21/8/22,AM,1,1,0,0,,
MGC2,21/8/22,PM,NA,1,0,0,,
MGC3,21/8/22,AM,1,1,0,0,,
MGC3,21/8/22,PM,NA,1,0,0,,
MGC4,21/8/22,AM,1,1,0,0,,
MGC4,21/8/22,PM,NA,1,0,0,,
MGC5,21/8/22,AM,0,0,0,0,,
MGC5,21/8/22,PM,NA,1,0,0,,
MGC6,21/8/22,AM,1,0,0,0,,
MGC6,21/8/22,PM,NA,1,0,0,,
MGC1,22/8/22,AM,NA,NA,0,0,,
MGC1,22/8/22,PM,0,1,0,0,,
MGC2,22/8/21,AM,NA,NA,0,0,,
MGC2,22/8/20,PM,1,1,0,0,,
MGC3,22/8/19,AM,NA,NA,0,0,,
MGC3,22/8/18,PM,0,1,0,0,,
MGC4,22/8/17,AM,NA,NA,0,0,,
MGC4,22/8/16,PM,1,1,0,0,,
MGC5,22/8/15,AM,NA,NA,0,0,,
MGC5,22/8/14,PM,1,1,0,0,,
MGC6,22/8/13,AM,NA,NA,0,0,,
MGC6,22/8/12,PM,1,0,0,0,,
MGC1,23/8/22,AM,1,1,0,0,,
MGC1,23/8/22,PM,NA,NA,0,0,,
MGC2,23/8/22,AM,1,1,0,0,,
MGC2,23/8/22,PM,NA,NA,0,0,,
MGC3,23/8/22,AM,0,0,0,0,,
MGC3,23/8/22,PM,NA,NA,0,1,,
MGC4,23/8/22,AM,1,1,0,0,,
MGC4,23/8/22,PM,NA,NA,0,0,,
MGC5,23/8/22,AM,1,0,0,0,,
MGC5,23/8/22,PM,NA,NA,0,0,,
MGC6,23/8/22,AM,0,1,0,0,,
MGC6,23/8/22,PM,NA,NA,0,1,,
MGC1,24/8/22,AM,1,1,0,0,,
MGC1,24/8/22,PM,1,1,0,0,,
MGC2,24/8/22,AM,0,1,0,0,,
MGC2,24/8/22,PM,0,1,0,0,,
MGC3,24/8/22,AM,1,0,0,1,,
MGC3,24/8/22,PM,1,1,0,1,,
MGC4,24/8/22,AM,1,1,0,0,,
MGC4,24/8/22,PM,0,1,0,0,,
MGC5,24/8/22,AM,0,0,0,0,,
MGC5,24/8/22,PM,1,1,0,0,,
MGC6,24/8/22,AM,1,1,0,0,,
MGC6,24/8/22,PM,0,0,0,0,,
MGC1,25/8/22,AM,1,1,0,0,,
MGC1,25/8/22,PM,0,1,0,0,,
MGC2,25/8/22,AM,0,1,0,0,,
MGC2,25/8/22,PM,0,0,0,0,,
MGC3,25/8/22,AM,0,0,0,1,,
MGC3,25/8/22,PM,0,0,0,1,,
MGC4,25/8/22,AM,0,0,0,1,,
MGC4,25/8/22,PM,1,0,0,0,,
MGC5,25/8/22,AM,0,0,0,1,,
MGC5,25/8/22,PM,1,1,0,0,,
MGC6,25/8/22,AM,0,0,0,1,,
MGC6,25/8/22,PM,0,0,0,0,,
MGC1,26/8/22,AM,0,1,0,0,,
MGC1,26/8/22,PM,0,1,0,0,,
MGC2,26/8/22,AM,0,1,0,0,,
MGC2,26/8/22,PM,0,1,0,0,,
MGC3,26/8/22,AM,0,1,0,1,,
MGC3,26/8/22,PM,0,1,0,1,,
MGC4,26/8/22,AM,1,1,0,0,,
MGC4,26/8/22,PM,1,1,0,0,,
MGC5,26/8/22,AM,0,0,0,0,,
MGC5,26/8/22,PM,1,1,0,0,,
MGC6,26/8/22,AM,1,0,0,0,,
MGC6,26/8/22,PM,1,0,0,0,,
MGC1,27/8/22,AM,1,1,0,0,,
MGC1,27/8/22,PM,0,0,0,0,,
MGC2,27/8/22,AM,0,1,0,0,,
MGC2,27/8/22,PM,0,0,0,0,,
MGC3,27/8/22,AM,1,1,0,0,,
MGC3,27/8/22,PM,0,1,0,0,,
MGC4,27/8/22,AM,1,1,0,0,,
MGC4,27/8/22,PM,0,1,0,0,,
MGC5,27/8/22,AM,0,1,0,0,,
MGC5,27/8/22,PM,0,0,0,0,,
MGC6,27/8/22,AM,1,0,0,0,,
MGC6,27/8/22,PM,0,0,0,0,,
MGC1,28/8/22,AM,0,1,0,0,,
MGC1,28/8/22,PM,1,1,0,0,,
MGC2,28/8/22,AM,0,1,0,0,,
MGC2,28/8/22,PM,0,1,0,0,,
MGC3,28/8/22,AM,1,0,0,0,,
MGC3,28/8/22,PM,0,1,0,0,,
MGC4,28/8/22,AM,0,1,0,0,,
MGC4,28/8/22,PM,1,1,0,0,,
MGC5,28/8/22,AM,1,1,0,0,,
MGC5,28/8/22,PM,0,0,0,0,,
MGC6,28/8/22,AM,0,0,0,0,,
MGC6,28/8/22,PM,0,0,0,0,,
MGC1,29/8/22,AM,1,1,0,0,,
MGC1,29/8/22,PM,1,1,0,0,,
MGC2,29/8/22,AM,0,0,0,0,,
MGC2,29/8/22,PM,1,0,0,0,,
MGC3,29/8/22,AM,1,0,0,0,,
MGC3,29/8/22,PM,1,1,0,0,,
MGC4,29/8/22,AM,0,0,0,0,,
MGC4,29/8/22,PM,0,1,0,0,,
MGC5,29/8/22,AM,1,1,0,0,,
MGC5,29/8/22,PM,0,0,0,0,,
MGC6,29/8/22,AM,1,0,0,0,,
MGC6,29/8/22,PM,0,0,0,0,,
MGC1,30/8/22,AM,0,1,0,0,,keuh eaten by other
MGC1,30/8/22,PM,0,1,0,0,,
MGC2,30/8/22,AM,0,1,0,0,,keuh eaten by other
MGC2,30/8/22,PM,0,0,0,0,,
MGC3,30/8/22,AM,0,1,0,0,,keuh eaten by other
MGC3,30/8/22,PM,0,1,0,0,,
MGC4,30/8/22,AM,0,1,0,0,,keuh eaten by other
MGC4,30/8/22,PM,0,1,0,0,,
MGC5,30/8/22,AM,0,0,0,0,,keuh eaten by other
MGC5,30/8/22,PM,0,0,0,0,,
MGC6,30/8/22,AM,0,0,0,0,,keuh eaten by other
MGC6,30/8/22,PM,0,1,0,0,,
MGC1,31/8/22,AM,1,1,0,0,0,
MGC1,31/8/22,PM,1,1,0,0,0,
MGC2,31/8/22,AM,0,1,0,0,0,
MGC2,31/8/22,PM,0,1,0,0,0,
MGC3,31/8/22,AM,0,0,1,1,1,
MGC3,31/8/22,PM,0,0,1,1,1,
MGC4,31/8/22,AM,0,1,0,1,0,
MGC4,31/8/22,PM,0,0,1,1,0,
MGC5,31/8/22,AM,0,0,1,1,0,
MGC5,31/8/22,PM,0,0,1,1,0,
MGC6,31/8/22,AM,1,0,0,0,0,
MGC6,31/8/22,PM,1,0,0,0,0,
MGC1,1/9/22,AM,0,1,0,0,,
MGC1,1/9/22,PM,NA,NA,NA,NA,,
MGC2,1/9/22,AM,1,1,0,0,,
MGC2,1/9/22,PM,NA,NA,NA,NA,,
MGC3,1/9/22,AM,0,0,1,1,,
MGC3,1/9/22,PM,NA,NA,NA,NA,,
MGC4,1/9/22,AM,0,0,1,1,,
MGC4,1/9/22,PM,NA,NA,NA,NA,,
MGC5,1/9/22,AM,0,0,1,1,,
MGC5,1/9/22,PM,NA,NA,NA,NA,,
MGC6,1/9/22,AM,1,1,0,0,,
MGC6,1/9/22,PM,NA,NA,NA,NA,,
MGC1,2/9/22,AM,1,1,0,0,,
MGC1,2/9/22,PM,1,1,0,0,,
MGC2,2/9/22,AM,1,1,0,0,,
MGC2,2/9/22,PM,1,1,0,0,,
MGC3,2/9/22,AM,0,0,0,1,,
MGC3,2/9/22,PM,0,0,0,1,,
MGC4,2/9/22,AM,1,0,0,1,,
MGC4,2/9/22,PM,1,0,0,1,,
MGC5,2/9/22,AM,0,0,0,0,,
MGC5,2/9/22,PM,0,0,0,0,,
MGC6,2/9/22,AM,1,0,0,0,,
MGC6,2/9/22,PM,1,0,0,0,,
MGC1,3/9/22,AM,1,1,0,0,,
MGC1,3/9/22,PM,0,0,0,0,,
MGC2,3/9/22,AM,1,1,0,0,,
MGC2,3/9/22,PM,0,0,0,0,,
MGC3,3/9/22,AM,1,1,0,0,,
MGC3,3/9/22,PM,0,0,0,0,,
MGC4,3/9/22,AM,0,0,0,1,,
MGC4,3/9/22,PM,0,0,0,1,,
MGC5,3/9/22,AM,0,0,0,0,,
MGC5,3/9/22,PM,0,0,0,0,,
MGC6,3/9/22,AM,1,0,0,0,,
MGC6,3/9/22,PM,0,0,0,0,,
MGC1,4/9/22,AM,1,1,0,0,0,
MGC1,4/9/22,PM,1,1,0,0,0,
MGC2,4/9/22,AM,1,1,0,0,0,
MGC2,4/9/22,PM,0,1,0,0,0,
MGC3,4/9/22,AM,0,0,0,0,0,
MGC3,4/9/22,PM,0,0,0,0,0,
MGC4,4/9/22,AM,0,1,0,1,0,
MGC4,4/9/22,PM,0,0,0,1,0,
MGC5,4/9/22,AM,0,0,0,0,0,
MGC5,4/9/22,PM,0,0,0,0,0,
MGC6,4/9/22,AM,0,0,1,1,1,
MGC6,4/9/22,PM,0,0,1,1,1,
MGC1,5/9/22,AM,1,1,0,0,0,
MGC1,5/9/22,PM,1,1,0,0,0,
MGC2,5/9/22,AM,1,1,0,0,0,
MGC2,5/9/22,PM,0,1,0,0,0,
MGC3,5/9/22,AM,0,0,1,1,1,
MGC3,5/9/22,PM,0,0,1,1,1,
MGC4,5/9/22,AM,0,0,1,1,0,
MGC4,5/9/22,PM,0,0,1,1,1,
MGC5,5/9/22,AM,0,0,1,0,0,
MGC5,5/9/22,PM,0,0,1,0,1,
MGC6,5/9/22,AM,0,0,1,1,0,
MGC6,5/9/22,PM,0,0,1,1,1,
MGC1,6/9/22,AM,1,0,0,0,0,
MGC1,6/9/22,PM,1,1,0,0,0,
MGC2,6/9/22,AM,1,0,0,0,0,
MGC2,6/9/22,PM,0,0,1,0,1,
MGC3,6/9/22,AM,0,0,1,1,1,
MGC3,6/9/22,PM,0,0,1,1,0,
MGC4,6/9/22,AM,0,0,1,1,1,
MGC4,6/9/22,PM,0,0,1,1,1,
MGC5,6/9/22,AM,0,0,0,0,0,
MGC5,6/9/22,PM,0,0,1,0,1,
MGC6,6/9/22,AM,0,0,1,1,1,
MGC6,6/9/22,PM,0,0,1,1,1,
MGC1,7/9/22,AM,0,1,0,0,0,
MGC1,7/9/22,PM,0,1,0,0,0,
MGC2,7/9/22,AM,0,1,0,0,0,
MGC2,7/9/22,PM,0,0,1,1,1,
MGC3,7/9/22,AM,0,0,1,1,1,
MGC3,7/9/22,PM,0,0,1,1,1,
MGC4,7/9/22,AM,0,0,1,1,1,
MGC4,7/9/22,PM,0,0,1,1,1,
MGC5,7/9/22,AM,0,0,1,1,1,
MGC5,7/9/22,PM,0,0,1,1,1,
MGC6,7/9/22,AM,0,0,1,1,1,
MGC6,7/9/22,PM,0,0,1,1,1,
MGC1,8/9/22,AM,1,1,0,0,0,
MGC1,8/9/22,PM,1,1,0,0,0,
MGC2,8/9/22,AM,0,0,0,0,0,
MGC2,8/9/22,PM,0,0,0,0,0,
MGC3,8/9/22,AM,0,0,1,1,1,
MGC3,8/9/22,PM,0,0,1,1,1,
MGC4,8/9/22,AM,0,0,1,1,1,
MGC4,8/9/22,PM,0,0,1,0,0,
MGC5,8/9/22,AM,0,0,1,1,1,
MGC5,8/9/22,PM,0,0,1,0,1,
MGC6,8/9/22,AM,0,0,1,1,1,
MGC6,8/9/22,PM,0,0,1,1,1,
MGC1,9/9/22,AM,1,1,0,0,,
MGC1,9/9/22,PM,1,1,0,0,,
MGC2,9/9/22,AM,0,0,0,0,,
MGC2,9/9/22,PM,0,0,1,1,,
MGC3,9/9/22,AM,0,0,1,1,,
MGC3,9/9/22,PM,0,0,1,1,,
MGC4,9/9/22,AM,0,0,0,1,,
MGC4,9/9/22,PM,0,0,0,1,,
MGC5,9/9/22,AM,0,0,1,1,,
MGC5,9/9/22,PM,0,0,1,1,,
MGC6,9/9/22,AM,0,0,1,1,,
MGC6,9/9/22,PM,0,0,1,1,,
MGC1,10/9/22,AM,1,1,0,0,,
MGC1,10/9/22,PM,0,0,0,0,,
MGC2,10/9/22,AM,0,0,0,0,,
MGC2,10/9/22,PM,0,0,0,0,,
MGC3,10/9/22,AM,0,0,0,1,,
MGC3,10/9/22,PM,0,0,0,1,,
MGC4,10/9/22,AM,0,0,0,1,,
MGC4,10/9/22,PM,0,0,0,1,,
MGC5,10/9/22,AM,0,0,0,1,,
MGC5,10/9/22,PM,0,0,0,1,,
MGC6,10/9/22,AM,1,0,0,1,,
MGC6,10/9/22,PM,1,0,0,0,,
MGC1,11/9/22,AM,1,1,0,0,,
MGC1,11/9/22,PM,1,1,0,0,,
MGC2,11/9/22,AM,0,0,0,0,,
MGC2,11/9/22,PM,0,0,1,1,,
MGC3,11/9/22,AM,0,0,0,1,,
MGC3,11/9/22,PM,0,0,0,1,,
MGC4,11/9/22,AM,0,0,1,1,,
MGC4,11/9/22,PM,0,0,1,1,,
MGC5,11/9/22,AM,0,0,0,1,,
MGC5,11/9/22,PM,0,0,0,1,,
MGC6,11/9/22,AM,1,0,0,0,,
MGC6,11/9/22,PM,1,0,0,0,,
MGC1,12/9/22,AM,1,1,0,0,,
MGC1,12/9/22,PM,1,1,0,0,,
MGC2,12/9/22,AM,0,0,0,1,,
MGC2,12/9/22,PM,0,0,1,1,,
MGC3,12/9/22,AM,0,0,0,1,,
MGC3,12/9/22,PM,0,0,0,1,,
MGC4,12/9/22,AM,0,0,1,1,,
MGC4,12/9/22,PM,0,0,1,1,,
MGC5,12/9/22,AM,0,0,0,1,,
MGC5,12/9/22,PM,0,1,0,1,,
MGC6,12/9/22,AM,1,0,0,0,,
MGC6,12/9/22,PM,0,0,0,0,,
MGC1,13/9/22,AM,1,1,0,0,0,
MGC1,13/9/22,PM,1,0,0,0,0,
MGC2,13/9/22,AM,0,0,0,1,0,
MGC2,13/9/22,PM,0,0,1,1,1,
MGC3,13/9/22,AM,0,0,1,1,1,
MGC3,13/9/22,PM,0,0,1,1,1,
MGC4,13/9/22,AM,0,0,1,1,0,
MGC4,13/9/22,PM,0,0,1,1,1,
MGC5,13/9/22,AM,0,0,1,1,0,
MGC5,13/9/22,PM,0,0,1,1,1,
MGC6,13/9/22,AM,1,0,1,1,1,
MGC6,13/9/22,PM,1,0,1,1,1,
MGC1,14/9/22,AM,1,1,0,0,0,
MGC1,14/9/22,PM,1,0,0,1,0,
MGC2,14/9/22,AM,0,0,1,1,0,
MGC2,14/9/22,PM,0,0,1,1,0,
MGC3,14/9/22,AM,0,0,1,1,0,
MGC3,14/9/22,PM,0,0,1,1,0,
MGC4,14/9/22,AM,0,0,1,1,0,
MGC4,14/9/22,PM,0,0,1,1,0,
MGC5,14/9/22,AM,0,0,1,1,1,
MGC5,14/9/22,PM,0,0,1,1,0,
MGC6,14/9/22,AM,1,0,0,0,0,
MGC6,14/9/22,PM,1,0,0,1,0,
MGC1,15/9/22,AM,1,1,0,1,,
MGC1,15/9/22,PM,1,1,0,1,,
MGC2,15/9/22,AM,0,0,0,1,,
MGC2,15/9/22,PM,0,0,0,1,,
MGC3,15/9/22,AM,0,0,1,1,,
MGC3,15/9/22,PM,0,0,0,1,,
MGC4,15/9/22,AM,0,0,0,1,,
MGC4,15/9/22,PM,0,0,0,1,,
MGC5,15/9/22,AM,0,0,0,1,,
MGC5,15/9/22,PM,0,0,0,1,,
MGC6,15/9/22,AM,1,0,0,1,,
MGC6,15/9/22,PM,1,0,0,1,,
MGC1,16/9/22,AM,0,1,0,1,,
MGC1,16/9/22,PM,0,1,0,NA,,
MGC2,16/9/22,AM,0,0,1,1,,
MGC2,16/9/22,PM,0,0,1,NA,,
MGC3,16/9/22,AM,0,0,0,1,,
MGC3,16/9/22,PM,0,0,0,NA,,
MGC4,16/9/22,AM,0,0,0,1,,
MGC4,16/9/22,PM,0,0,1,NA,,
MGC5,16/9/22,AM,0,0,1,1,,
MGC5,16/9/22,PM,0,0,1,NA,,
MGC6,16/9/22,AM,0,0,0,1,,
MGC6,16/9/22,PM,0,0,0,NA,,
MGC1,17/9/22,AM,1,0,0,1,0,
MGC1,17/9/22,PM,1,1,0,0,0,
MGC2,17/9/22,AM,0,0,1,1,1,
MGC2,17/9/22,PM,0,0,1,1,0,
MGC3,17/9/22,AM,0,0,1,1,1,
MGC3,17/9/22,PM,0,0,1,1,0,
MGC4,17/9/22,AM,0,0,1,1,1,
MGC4,17/9/22,PM,0,0,1,1,0,
MGC5,17/9/22,AM,0,0,1,1,0,
MGC5,17/9/22,PM,0,0,1,1,0,
MGC6,17/9/22,AM,0,0,1,1,0,
MGC6,17/9/22,PM,0,0,1,1,0,
MGC1,18/9/22,AM,1,1,0,0,,
MGC1,18/9/22,PM,NA,NA,NA,NA,,
MGC2,18/9/22,AM,0,0,1,1,,
MGC2,18/9/22,PM,NA,NA,NA,NA,,
MGC3,18/9/22,AM,0,0,1,1,,
MGC3,18/9/22,PM,NA,NA,NA,NA,,
MGC4,18/9/22,AM,0,0,1,1,,
MGC4,18/9/22,PM,NA,NA,NA,NA,,
MGC5,18/9/22,AM,0,0,1,1,,
MGC5,18/9/22,PM,NA,NA,NA,NA,,
MGC6,18/9/22,AM,0,0,1,1,,
MGC6,18/9/22,PM,NA,NA,NA,NA,,
MGC1,19/9/22,AM,1,1,0,0,,
MGC1,19/9/22,PM,1,1,0,0,,
MGC2,19/9/22,AM,0,0,0,1,,
MGC2,19/9/22,PM,0,0,0,1,,
MGC3,19/9/22,AM,0,0,1,1,,
MGC3,19/9/22,PM,0,0,1,1,,
MGC4,19/9/22,AM,0,0,0,1,,
MGC4,19/9/22,PM,0,0,1,1,,
MGC5,19/9/22,AM,0,0,0,1,,
MGC5,19/9/22,PM,0,0,1,1,,
MGC6,19/9/22,AM,0,0,0,0,,
MGC6,19/9/22,PM,0,0,1,1,,
MGC1,20/9/22,AM,1,1,0,0,,
MGC1,20/9/22,PM,1,1,0,0,,
MGC2,20/9/22,AM,0,0,0,1,,
MGC2,20/9/22,PM,0,0,1,1,,
MGC3,20/9/22,AM,0,0,0,1,,
MGC3,20/9/22,PM,0,0,1,1,,
MGC4,20/9/22,AM,0,0,1,1,,
MGC4,20/9/22,PM,0,0,1,1,,
MGC5,20/9/22,AM,0,0,1,1,,
MGC5,20/9/22,PM,0,0,1,1,,
MGC6,20/9/22,AM,0,0,1,1,,
MGC6,20/9/22,PM,0,0,1,1,,
MGC1,21/9/22,AM,1,1,0,0,,
MGC1,21/9/22,PM,1,1,0,0,,
MGC2,21/9/22,AM,0,0,0,1,,
MGC2,21/9/22,PM,0,0,1,0,,
MGC3,21/9/22,AM,0,0,1,1,,
MGC3,21/9/22,PM,0,0,1,1,,
MGC4,21/9/22,AM,0,0,1,1,,
MGC4,21/9/22,PM,0,0,1,1,,
MGC5,21/9/22,AM,0,0,1,1,,
MGC5,21/9/22,PM,0,0,1,1,,
MGC6,21/9/22,AM,0,0,1,1,,
MGC6,21/9/22,PM,0,0,1,1,,
MGC1,22/9/22,AM,0,1,0,0,0,
MGC1,22/9/22,PM,0,0,0,0,0,
MGC2,22/9/22,AM,0,0,0,0,0,
MGC2,22/9/22,PM,0,0,0,1,0,
MGC3,22/9/22,AM,0,0,1,1,1,
MGC3,22/9/22,PM,0,0,1,1,1,
MGC4,22/9/22,AM,0,0,1,1,1,
MGC4,22/9/22,PM,0,0,1,1,0,
MGC5,22/9/22,AM,0,0,1,1,0,
MGC5,22/9/22,PM,0,0,1,1,0,
MGC6,22/9/22,AM,0,0,1,1,1,
MGC6,22/9/22,PM,0,0,1,1,1,
MGC1,23/9/22,AM,1,1,0,0,,
MGC1,23/9/22,PM,1,0,0,0,,
MGC2,23/9/22,AM,0,0,0,0,,
MGC2,23/9/22,PM,0,0,1,1,,
MGC3,23/9/22,AM,0,0,1,1,,
MGC3,23/9/22,PM,0,0,1,1,,
MGC4,23/9/22,AM,0,0,1,1,,
MGC4,23/9/22,PM,0,0,1,1,,
MGC5,23/9/22,AM,0,0,1,1,,
MGC5,23/9/22,PM,0,0,1,1,,
MGC6,23/9/22,AM,0,0,1,1,,
MGC6,23/9/22,PM,0,0,1,1,,
MGC1,24/9/22,AM,1,1,0,0,,
MGC1,24/9/22,PM,0,0,0,0,,
MGC2,24/9/22,AM,0,0,1,1,,
MGC2,24/9/22,PM,0,0,1,1,,
MGC3,24/9/22,AM,0,0,1,1,,
MGC3,24/9/22,PM,0,0,1,1,,
MGC4,24/9/22,AM,0,0,1,1,,
MGC4,24/9/22,PM,0,0,1,1,,
MGC5,24/9/22,AM,0,0,1,1,,
MGC5,24/9/22,PM,0,0,1,1,,
MGC6,24/9/22,AM,0,0,1,1,,
MGC6,24/9/22,PM,0,0,0,1,,
MGC1,25/9/22,AM,1,0,0,0,,
MGC1,25/9/22,PM,1,1,0,0,,
MGC2,25/9/22,AM,0,0,1,1,,
MGC2,25/9/22,PM,0,0,0,1,,
MGC3,25/9/22,AM,0,0,1,1,,
MGC3,25/9/22,PM,0,0,0,1,,
MGC4,25/9/22,AM,0,0,1,1,,
MGC4,25/9/22,PM,0,0,0,1,,
MGC5,25/9/22,AM,0,0,1,1,,
MGC5,25/9/22,PM,0,0,0,1,,
MGC6,25/9/22,AM,0,0,0,1,,
MGC6,25/9/22,PM,0,0,0,1,,
MGC1,26/9/22,AM,0,1,0,0,,
MGC1,26/9/22,PM,0,1,0,0,,
MGC2,26/9/22,AM,0,0,0,0,,
MGC2,26/9/22,PM,0,0,0,1,,
MGC3,26/9/22,AM,0,0,0,0,,
MGC3,26/9/22,PM,0,0,0,1,,
MGC4,26/9/22,AM,0,0,0,0,,
MGC4,26/9/22,PM,0,0,0,1,,
MGC5,26/9/22,AM,0,0,0,0,,
MGC5,26/9/22,PM,0,0,0,1,,
MGC6,26/9/22,AM,0,0,0,0,,
MGC6,26/9/22,PM,0,0,0,1,,
MGC1,27/9/22,AM,NA,NA,NA,NA,,
MGC1,27/9/22,PM,1,1,0,0,,
MGC2,27/9/22,AM,NA,NA,NA,NA,,
MGC2,27/9/22,PM,0,0,1,1,,
MGC3,27/9/22,AM,NA,NA,NA,NA,,
MGC3,27/9/22,PM,0,0,0,1,,
MGC4,27/9/22,AM,NA,NA,NA,NA,,
MGC4,27/9/22,PM,0,0,1,1,,
MGC5,27/9/22,AM,NA,NA,NA,NA,,
MGC5,27/9/22,PM,0,0,0,1,,
MGC6,27/9/22,AM,NA,NA,NA,NA,,
MGC6,27/9/22,PM,0,0,1,1,,
MGC1,28/9/22,AM,1,1,0,0,,
MGC1,28/9/22,PM,0,0,0,1,,
MGC2,28/9/22,AM,0,0,1,1,,
MGC2,28/9/22,PM,0,0,1,1,,
MGC3,28/9/22,AM,0,0,0,1,,
MGC3,28/9/22,PM,0,0,1,1,,
MGC4,28/9/22,AM,0,0,1,1,,
MGC4,28/9/22,PM,0,0,1,1,,
MGC5,28/9/22,AM,0,0,0,1,,
MGC5,28/9/22,PM,0,0,0,0,,
MGC6,28/9/22,AM,1,0,0,0,,
MGC6,28/9/22,PM,0,0,0,1,,
MGC1,29/9/22,AM,1,1,0,20,,
MGC1,29/9/22,PM,1,0,0,20,,
MGC2,29/9/22,AM,0,0,1,10,,
MGC2,29/9/22,PM,0,0,1,10,,
MGC3,29/9/22,AM,0,0,1,20,,
MGC3,29/9/22,PM,0,0,1,20,,
MGC4,29/9/22,AM,0,0,1,20,,
MGC4,29/9/22,PM,0,0,1,20,,
MGC5,29/9/22,AM,0,0,1,60,,
MGC5,29/9/22,PM,0,0,1,60,,
MGC6,29/9/22,AM,0,0,1,20,,
MGC6,29/9/22,PM,0,0,1,20,,
MGC1,30/9/22,AM,1,1,0,20,,
MGC1,30/9/22,PM,0,0,0,NA,,
MGC2,30/9/22,AM,0,0,1,10,,
MGC2,30/9/22,PM,0,0,1,NA,,
MGC3,30/9/22,AM,0,0,1,20,,
MGC3,30/9/22,PM,0,0,1,NA,,
MGC4,30/9/22,AM,0,0,1,20,,
MGC4,30/9/22,PM,0,0,1,NA,,
MGC5,30/9/22,AM,0,0,1,60,,
MGC5,30/9/22,PM,0,0,1,NA,,
MGC6,30/9/22,AM,0,0,1,20,,
MGC6,30/9/22,PM,0,0,1,NA,,
MGC1,1/10/22,AM,0,0,0,10,,
MGC1,1/10/22,PM,0,0,1,NA,,
MGC2,1/10/22,AM,0,0,1,10,,
MGC2,1/10/22,PM,0,0,1,NA,,
MGC3,1/10/22,AM,0,0,1,30,,
MGC3,1/10/22,PM,0,0,1,NA,,
MGC4,1/10/22,AM,0,0,1,20,,
MGC4,1/10/22,PM,0,0,1,NA,,
MGC5,1/10/22,AM,0,0,1,60,,
MGC5,1/10/22,PM,0,0,1,NA,,
MGC6,1/10/22,AM,0,0,1,20,,
MGC6,1/10/22,PM,0,0,1,NA,,
MGC1,2/10/22,AM,0,0,1,10,,
MGC1,2/10/22,PM,0,0,1,10,,
MGC2,2/10/22,AM,0,0,1,10,,
MGC2,2/10/22,PM,0,0,1,10,,
MGC3,2/10/22,AM,0,0,1,10,,
MGC3,2/10/22,PM,0,0,1,NA,,
MGC4,2/10/22,AM,0,0,1,20,,
MGC4,2/10/22,PM,0,0,1,NA,,
MGC5,2/10/22,AM,0,0,0,70,,
MGC5,2/10/22,PM,0,0,0,NA,,
MGC6,2/10/22,AM,0,0,1,20,,
MGC6,2/10/22,PM,0,0,1,NA,,
MGC1,3/10/22,AM,0,0,1,10,,
MGC1,3/10/22,PM,0,0,1,10,,
MGC2,3/10/22,AM,0,0,1,10,,
MGC2,3/10/22,PM,0,0,1,10,,
MGC3,3/10/22,AM,0,0,1,10,,
MGC3,3/10/22,PM,0,0,1,10,,
MGC4,3/10/22,AM,0,0,1,20,,
MGC4,3/10/22,PM,0,0,1,20,,
MGC5,3/10/22,AM,0,0,1,80,,
MGC5,3/10/22,PM,0,0,1,80,,
MGC6,3/10/22,AM,0,0,1,20,,
MGC6,3/10/22,PM,0,0,1,20,,
MGC1,6/10/22,AM,0,0,1,10,0,
MGC1,6/10/22,PM,0,0,1,10,1,
MGC2,6/10/22,AM,0,0,1,10,0,
MGC2,6/10/22,PM,0,0,1,10,1,
MGC3,6/10/22,AM,0,0,1,20,0,
MGC3,6/10/22,PM,0,0,1,20,1,
MGC4,6/10/22,AM,0,0,1,40,0,
MGC4,6/10/22,PM,0,0,1,20,1,
MGC5,6/10/22,AM,0,0,0,60,0,
MGC5,6/10/22,PM,0,0,1,70,1,
MGC6,6/10/22,AM,0,0,1,20,0,
MGC6,6/10/22,PM,0,0,1,20,1,
MGC1,7/10/22,AM,0,0,1,20,,
MGC1,7/10/22,PM,0,0,1,20,,
MGC2,7/10/22,AM,0,0,1,10,,
MGC2,7/10/22,PM,0,0,1,10,,
MGC3,7/10/22,AM,0,0,1,20,,
MGC3,7/10/22,PM,0,0,1,20,,
MGC4,7/10/22,AM,0,0,1,20,,
MGC4,7/10/22,PM,0,0,1,20,,
MGC5,7/10/22,AM,0,0,1,60,,
MGC5,7/10/22,PM,0,0,1,60,,
MGC6,7/10/22,AM,0,0,1,20,,
MGC6,7/10/22,PM,0,0,1,20,,
MGC1,8/10/22,AM,0,0,1,10,,
MGC1,8/10/22,PM,0,0,1,10,,
MGC2,8/10/22,AM,0,0,1,10,,
MGC2,8/10/22,PM,0,0,1,10,,
MGC3,8/10/22,AM,0,0,1,20,,
MGC3,8/10/22,PM,0,0,1,20,,
MGC4,8/10/22,AM,0,0,1,20,,
MGC4,8/10/22,PM,0,0,1,20,,
MGC5,8/10/22,AM,0,0,1,60,,
MGC5,8/10/22,PM,0,0,1,60,,
MGC6,8/10/22,AM,0,0,1,20,,
MGC6,8/10/22,PM,0,0,1,20,,
MGC1,9/10/22,AM,0,0,1,10,,
MGC1,9/10/22,PM,0,0,1,10,,
MGC2,9/10/22,AM,0,0,1,10,,
MGC2,9/10/22,PM,0,0,1,10,,
MGC3,9/10/22,AM,0,0,1,20,,
MGC3,9/10/22,PM,0,0,1,20,,
MGC4,9/10/22,AM,0,0,1,20,,
MGC4,9/10/22,PM,0,0,1,20,,
MGC5,9/10/22,AM,0,0,1,60,,
MGC5,9/10/22,PM,0,0,1,60,,
MGC6,9/10/22,AM,0,0,1,20,,
MGC6,9/10/22,PM,0,0,1,20,,
MGC1,10/10/22,AM,0,0,1,1,,
MGC1,10/10/22,PM,0,0,1,1,,
MGC2,10/10/22,AM,0,0,1,1,,
MGC2,10/10/22,PM,0,0,1,1,,
MGC3,10/10/22,AM,0,0,1,1,,
MGC3,10/10/22,PM,0,0,1,1,,
MGC4,10/10/22,AM,0,0,1,1,,
MGC4,10/10/22,PM,0,0,1,1,,
MGC5,10/10/22,AM,0,0,1,1,,
MGC5,10/10/22,PM,0,0,1,1,,
MGC6,10/10/22,AM,0,0,1,1,,
MGC6,10/10/22,PM,0,0,1,1,,
MGC1,13/10/22,AM,0,0,1,10,,
MGC1,13/10/22,PM,NA,NA,NA,10,,
MGC2,13/10/22,AM,0,0,1,10,,
MGC2,13/10/22,PM,NA,NA,NA,10,,
MGC3,13/10/22,AM,0,0,1,20,,
MGC3,13/10/22,PM,NA,NA,NA,20,,
MGC4,13/10/22,AM,0,0,1,20,,
MGC4,13/10/22,PM,NA,NA,NA,20,,
MGC5,13/10/22,AM,0,0,1,60,,
MGC5,13/10/22,PM,NA,NA,NA,60,,
MGC6,13/10/22,AM,0,0,1,20,,
MGC6,13/10/22,PM,NA,NA,NA,20,,
MGC1,15/10/12,AM,0,0,1,10,,
MGC1,15/10/12,PM,NA,NA,NA,NA,,
MGC2,15/10/12,AM,0,0,1,10,,
MGC2,15/10/12,PM,NA,NA,NA,NA,,
MGC3,15/10/12,AM,0,0,1,20,,
MGC3,15/10/12,PM,NA,NA,NA,NA,,
MGC4,15/10/12,AM,0,0,1,20,,
MGC4,15/10/12,PM,NA,NA,NA,NA,,
MGC5,15/10/12,AM,0,0,1,60,,
MGC5,15/10/12,PM,NA,NA,NA,NA,,
MGC6,15/10/12,AM,0,0,1,20,,
MGC6,15/10/12,PM,NA,NA,NA,NA,,
MGC1,16/10/12,AM,0,1,0,10,,
MGC1,16/10/12,PM,0,0,1,10,,
MGC2,16/10/12,AM,0,0,0,10,,
MGC2,16/10/12,PM,0,0,0,10,,
MGC3,16/10/12,AM,0,0,1,30,,
MGC3,16/10/12,PM,0,0,1,30,,
MGC4,16/10/12,AM,0,0,0,30,,
MGC4,16/10/12,PM,0,0,0,30,,
MGC5,16/10/12,AM,0,0,0,80,,
MGC5,16/10/12,PM,0,0,0,80,,
MGC6,16/10/12,AM,0,0,1,30,,
MGC6,16/10/12,PM,0,0,1,30,,
MGC1,17/10/22,AM,0,0,1,10,,
MGC1,17/10/22,PM,0,0,1,10,,
MGC2,17/10/22,AM,0,0,1,10,,
MGC2,17/10/22,PM,0,0,1,10,,
MGC3,17/10/22,AM,0,0,1,60,,
MGC3,17/10/22,PM,0,0,1,60,,
MGC4,17/10/22,AM,0,0,1,10,,
MGC4,17/10/22,PM,0,0,1,10,,
MGC5,17/10/22,AM,0,0,1,60,,
MGC5,17/10/22,PM,0,0,1,60,,
MGC6,17/10/22,AM,0,0,1,10,,
MGC6,17/10/22,PM,0,0,1,10,,
MGC1,18/10/22,AM,0,0,1,10,,
MGC1,18/10/22,PM,0,0,1,10,,
MGC2,18/10/22,AM,0,0,1,10,,
MGC2,18/10/22,PM,0,0,1,10,,
MGC3,18/10/22,AM,0,0,0,50,,
MGC3,18/10/22,PM,0,0,1,50,,
MGC4,18/10/22,AM,0,0,0,20,,
MGC4,18/10/22,PM,0,0,0,20,,
MGC5,18/10/22,AM,0,0,1,60,,
MGC5,18/10/22,PM,0,0,0,60,,
MGC6,18/10/22,AM,0,0,1,10,,
MGC6,18/10/22,PM,0,0,1,10,,
MGC1,20/10/22,AM,0,0,1,10,,
MGC1,20/10/22,PM,0,0,1,10,,
MGC2,20/10/22,AM,0,0,1,10,,
MGC2,20/10/22,PM,0,0,1,10,,
MGC3,20/10/22,AM,0,0,1,50,,
MGC3,20/10/22,PM,0,0,1,30,,
MGC4,20/10/22,AM,0,0,1,20,,
MGC4,20/10/22,PM,0,0,1,10,,
MGC5,20/10/22,AM,0,0,1,60,,
MGC5,20/10/22,PM,0,0,1,60,,
MGC6,20/10/22,AM,0,0,1,10,,
MGC6,20/10/22,PM,0,0,1,30,,
MGC1,21/10/22,AM,0,0,1,10,,
MGC1,21/10/22,PM,0,0,1,NA,,
MGC2,21/10/22,AM,0,0,1,10,,
MGC2,21/10/22,PM,0,0,1,NA,,
MGC3,21/10/22,AM,0,0,1,20,,
MGC3,21/10/22,PM,0,0,1,NA,,
MGC4,21/10/22,AM,0,0,1,10,,
MGC4,21/10/22,PM,0,0,0,NA,,
MGC5,21/10/22,AM,0,0,1,50,,
MGC5,21/10/22,PM,0,0,1,NA,,
MGC6,21/10/22,AM,0,0,1,10,,
MGC6,21/10/22,PM,0,0,1,NA,,
MGC1,22/10/22,AM,0,0,1,10,,
MGC1,22/10/22,PM,0,0,1,10,,
MGC2,22/10/22,AM,0,0,1,10,,
MGC2,22/10/22,PM,0,0,1,10,,
MGC3,22/10/22,AM,0,0,1,30,,
MGC3,22/10/22,PM,0,0,1,30,,
MGC4,22/10/22,AM,0,0,1,10,,
MGC4,22/10/22,PM,0,0,1,10,,
MGC5,22/10/22,AM,0,0,1,50,,
MGC5,22/10/22,PM,0,0,1,50,,
MGC6,22/10/22,AM,0,0,1,10,,
MGC6,22/10/22,PM,0,0,1,10,,
MGC1,23/10/22,AM,0,0,1,10,,
MGC1,23/10/22,PM,0,0,1,NA,,
MGC2,23/10/22,AM,0,0,1,10,,
MGC2,23/10/22,PM,0,0,1,NA,,
MGC3,23/10/22,AM,0,0,1,20,,
MGC3,23/10/22,PM,0,0,0,NA,,
MGC4,23/10/22,AM,0,0,1,20,,
MGC4,23/10/22,PM,0,0,0,NA,,
MGC5,23/10/22,AM,0,0,1,50,,
MGC5,23/10/22,PM,0,0,1,NA,,
MGC6,23/10/22,AM,0,0,1,10,,
MGC6,23/10/22,PM,0,0,1,NA,,
MGC1,24/10/22,AM,0,0,1,10,,
MGC1,24/10/22,PM,0,0,1,NA,,
MGC2,24/10/22,AM,0,0,1,10,,
MGC2,24/10/22,PM,0,0,1,NA,,
MGC3,24/10/22,AM,0,0,1,50,,
MGC3,24/10/22,PM,0,0,1,NA,,
MGC4,24/10/22,AM,0,0,1,10,,
MGC4,24/10/22,PM,0,0,1,NA,,
MGC5,24/10/22,AM,0,0,1,50,,
MGC5,24/10/22,PM,0,0,1,NA,,
MGC6,24/10/22,AM,0,0,1,20,,
MGC6,24/10/22,PM,0,0,1,NA,,
MGC1,25/10/22,AM,0,0,1,10,,
MGC1,25/10/22,PM,0,0,1,10,,
MGC2,25/10/22,AM,0,0,1,10,,
MGC2,25/10/22,PM,0,0,1,10,,
MGC3,25/10/22,AM,0,0,1,50,,
MGC3,25/10/22,PM,0,0,1,50,,
MGC4,25/10/22,AM,0,0,1,20,,
MGC4,25/10/22,PM,0,0,1,20,,
MGC5,25/10/22,AM,0,0,1,50,,
MGC5,25/10/22,PM,0,0,1,50,,
MGC6,25/10/22,AM,0,0,1,20,,
MGC6,25/10/22,PM,0,0,1,20,,
MGC1,26/10/22,AM,0,0,1,10,,
MGC1,26/10/22,PM,0,0,1,10,,
MGC2,26/10/22,AM,0,0,1,10,,
MGC2,26/10/22,PM,0,0,1,10,,
MGC3,26/10/22,AM,0,0,0,50,,
MGC3,26/10/22,PM,0,0,0,50,,
MGC4,26/10/22,AM,0,0,0,20,,
MGC4,26/10/22,PM,0,0,0,50,,
MGC5,26/10/22,AM,0,0,0,60,,
MGC5,26/10/22,PM,0,0,0,60,,
MGC6,26/10/22,AM,0,0,1,20,,
MGC6,26/10/22,PM,0,0,1,20,,
MGC1,27/10/22,AM,0,0,1,1,,
MGC1,27/10/22,PM,0,0,1,1,,
MGC2,27/10/22,AM,0,0,1,1,,
MGC2,27/10/22,PM,0,0,1,1,,
MGC3,27/10/22,AM,0,0,1,1,,
MGC3,27/10/22,PM,0,0,1,1,,
MGC4,27/10/22,AM,0,0,1,1,,
MGC4,27/10/22,PM,0,0,1,1,,
MGC5,27/10/22,AM,0,0,1,1,,
MGC5,27/10/22,PM,0,0,1,1,,
MGC6,27/10/22,AM,0,0,1,1,,
MGC6,27/10/22,PM,0,0,1,1,,
MGC1,28/10/22,AM,0,0,1,1,,
MGC1,28/10/22,PM,0,0,1,1,,
MGC2,28/10/22,AM,0,0,1,1,,
MGC2,28/10/22,PM,0,0,1,1,,
MGC3,28/10/22,AM,0,0,1,1,,
MGC3,28/10/22,PM,0,0,1,1,,
MGC4,28/10/22,AM,0,0,1,1,,
MGC4,28/10/22,PM,0,0,1,1,,
MGC5,28/10/22,AM,0,0,1,1,,
MGC5,28/10/22,PM,0,0,1,1,,
MGC6,28/10/22,AM,0,0,1,1,,
MGC6,28/10/22,PM,0,0,1,1,,
MGC1,30/10/22,AM,0,0,1,10,,
MGC1,30/10/22,PM,0,0,1,10,,
MGC2,30/10/22,AM,0,0,1,10,,
MGC2,30/10/22,PM,0,0,1,10,,
MGC3,30/10/22,AM,0,0,1,50,,
MGC3,30/10/22,PM,0,0,1,50,,
MGC4,30/10/22,AM,0,0,1,20,,
MGC4,30/10/22,PM,0,0,1,20,,
MGC5,30/10/22,AM,0,0,1,60,,
MGC5,30/10/22,PM,0,0,1,60,,
MGC6,30/10/22,AM,0,0,1,20,,
MGC6,30/10/22,PM,0,0,1,20,,
MGC1,31/10/22,AM,0,0,1,1,,
MGC1,31/10/22,PM,0,0,1,1,,
MGC2,31/10/22,AM,0,0,1,1,,
MGC2,31/10/22,PM,0,0,1,1,,
MGC3,31/10/22,AM,0,0,1,1,,
MGC3,31/10/22,PM,0,0,1,1,,
MGC4,31/10/22,AM,0,0,1,1,,
MGC4,31/10/22,PM,0,0,1,1,,
MGC5,31/10/22,AM,0,0,1,1,,
MGC5,31/10/22,PM,0,0,1,1,,
MGC6,31/10/22,AM,0,0,1,1,,
MGC6,31/10/22,PM,0,0,1,1,,
MGC1,3/11/22,AM,0,0,1,10,,
MGC1,3/11/22,PM,0,0,1,NA,,
MGC2,3/11/22,AM,0,0,1,10,,
MGC2,3/11/22,PM,0,0,1,NA,,
MGC3,3/11/22,AM,1,0,0,60,,
MGC3,3/11/22,PM,1,1,0,NA,,
MGC4,3/11/22,AM,0,0,1,20,,
MGC4,3/11/22,PM,0,0,1,NA,,
MGC5,3/11/22,AM,0,0,1,60,,
MGC5,3/11/22,PM,0,0,1,NA,,
MGC6,3/11/22,AM,0,0,1,20,,
MGC6,3/11/22,PM,0,0,1,NA,,
MGC1,4/11/22,AM,0,0,1,10,,
MGC1,4/11/22,PM,0,0,1,NA,,
MGC2,4/11/22,AM,0,0,1,10,,
MGC2,4/11/22,PM,0,0,1,NA,,
MGC3,4/11/22,AM,1,1,0,70,,
MGC3,4/11/22,PM,0,1,0,NA,,
MGC4,4/11/22,AM,0,0,0,20,,
MGC4,4/11/22,PM,0,0,1,NA,,
MGC5,4/11/22,AM,0,0,0,70,,
MGC5,4/11/22,PM,0,0,1,NA,,
MGC6,4/11/22,AM,0,0,1,20,,
MGC6,4/11/22,PM,0,0,1,NA,,
MGC1,5/11/22,AM,0,0,1,10,,
MGC1,5/11/22,PM,NA,NA,NA,NA,,
MGC2,5/11/22,AM,0,0,1,10,,
MGC2,5/11/22,PM,NA,NA,NA,NA,,
MGC3,5/11/22,AM,1,1,0,80,,
MGC3,5/11/22,PM,NA,NA,NA,NA,,
MGC4,5/11/22,AM,0,0,1,20,,
MGC4,5/11/22,PM,NA,NA,NA,NA,,
MGC5,5/11/22,AM,0,0,0,70,,
MGC5,5/11/22,PM,NA,NA,NA,NA,,
MGC6,5/11/22,AM,0,0,1,20,,
MGC6,5/11/22,PM,NA,NA,NA,NA,,
MGC1,6/11/22,AM,0,0,1,10,,
MGC1,6/11/22,PM,0,0,1,10,,
MGC2,6/11/22,AM,0,0,1,10,,
MGC2,6/11/22,PM,0,0,1,10,,
MGC3,6/11/22,AM,0,1,0,70,,
MGC3,6/11/22,PM,0,1,0,70,,
MGC4,6/11/22,AM,0,0,0,60,,
MGC4,6/11/22,PM,0,0,0,60,,
MGC5,6/11/22,AM,0,0,0,70,,
MGC5,6/11/22,PM,0,0,0,70,,
MGC6,6/11/22,AM,0,0,1,20,,
MGC6,6/11/22,PM,0,0,1,20,,
MGC1,8/11/22,AM,0,0,0,10,,
MGC1,8/11/22,PM,0,0,1,NA,,
MGC2,8/11/22,AM,0,0,1,10,,
MGC2,8/11/22,PM,0,0,1,NA,,
MGC3,8/11/22,AM,1,1,0,70,,
MGC3,8/11/22,PM,1,1,0,NA,,
MGC4,8/11/22,AM,0,0,0,60,,
MGC4,8/11/22,PM,0,0,1,NA,,
MGC5,8/11/22,AM,0,0,1,60,,
MGC5,8/11/22,PM,0,0,1,NA,,
MGC6,8/11/22,AM,0,0,1,60,,
MGC6,8/11/22,PM,0,0,1,NA,,
MGC1,9/11/22,AM,0,0,1,10,,
MGC1,9/11/22,PM,0,1,1,NA,,
MGC2,9/11/22,AM,0,0,1,10,,
MGC2,9/11/22,PM,0,0,1,NA,,
MGC3,9/11/22,AM,1,1,0,80,,
MGC3,9/11/22,PM,1,1,0,NA,,
MGC4,9/11/22,AM,0,0,1,10,,
MGC4,9/11/22,PM,0,0,1,NA,,
MGC5,9/11/22,AM,0,0,1,60,,
MGC5,9/11/22,PM,0,0,1,NA,,
MGC6,9/11/22,AM,0,0,1,60,,
MGC6,9/11/22,PM,0,0,1,NA,,
MGC1,10/11/22,AM,0,0,1,NA,,
MGC1,10/11/22,PM,NA,NA,NA,NA,,
MGC2,10/11/22,AM,0,0,1,NA,,
MGC2,10/11/22,PM,NA,NA,NA,NA,,
MGC3,10/11/22,AM,1,1,0,NA,,
MGC3,10/11/22,PM,NA,NA,NA,NA,,
MGC4,10/11/22,AM,1,1,0,NA,,
MGC4,10/11/22,PM,NA,NA,NA,NA,,
MGC5,10/11/22,AM,0,0,1,NA,,
MGC5,10/11/22,PM,NA,NA,NA,NA,,
MGC6,10/11/22,AM,0,0,1,NA,,
MGC6,10/11/22,PM,NA,NA,NA,NA,,
MGC1,11/11/22,AM,0,0,1,10,,
MGC1,11/11/22,PM,0,0,1,NA,,
MGC2,11/11/22,AM,0,0,1,10,,
MGC2,11/11/22,PM,0,0,1,NA,,
MGC3,11/11/22,AM,1,1,0,80,,
MGC3,11/11/22,PM,0,1,0,NA,,
MGC4,11/11/22,AM,0,1,0,70,,
MGC4,11/11/22,PM,0,1,0,NA,,
MGC5,11/11/22,AM,0,0,1,60,,
MGC5,11/11/22,PM,0,0,0,NA,,
MGC6,11/11/22,AM,0,0,1,30,,
MGC6,11/11/22,PM,0,0,1,NA,,
MGC1,12/11/22,AM,0,0,1,10,,
MGC1,12/11/22,PM,0,0,1,NA,,
MGC2,12/11/22,AM,0,0,1,10,,
MGC2,12/11/22,PM,0,0,1,NA,,
MGC3,12/11/22,AM,1,1,0,80,,
MGC3,12/11/22,PM,1,1,0,NA,,
MGC4,12/11/22,AM,0,0,1,80,,
MGC4,12/11/22,PM,1,0,1,NA,,
MGC5,12/11/22,AM,0,0,1,70,,
MGC5,12/11/22,PM,0,0,1,NA,,
MGC6,12/11/22,AM,0,0,1,20,,
MGC6,12/11/22,PM,0,0,1,NA,,
MGC1,13/11/22,AM,0,1,1,1,,
MGC1,13/11/22,PM,0,0,1,1,,
MGC2,13/11/22,AM,0,0,1,1,,
MGC2,13/11/22,PM,0,0,1,1,,
MGC3,13/11/22,AM,1,1,0,0,,
MGC3,13/11/22,PM,1,1,0,0,,
MGC4,13/11/22,AM,0,0,1,1,,
MGC4,13/11/22,PM,0,0,1,0,,
MGC5,13/11/22,AM,0,0,1,1,,
MGC5,13/11/22,PM,0,0,1,1,,
MGC6,13/11/22,AM,0,0,1,1,,
MGC6,13/11/22,PM,0,0,1,1,,
MGC1,16/11/22,AM,0,0,0,10,,
MGC1,16/11/22,PM,0,0,1,NA,,
MGC2,16/11/22,AM,0,0,1,10,,
MGC2,16/11/22,PM,0,0,1,NA,,
MGC3,16/11/22,AM,1,1,0,80,,
MGC3,16/11/22,PM,1,1,0,NA,,
MGC4,16/11/22,AM,0,1,0,30,,
MGC4,16/11/22,PM,1,1,0,NA,,
MGC5,16/11/22,AM,0,0,0,70,,
MGC5,16/11/22,PM,0,0,1,NA,,
MGC6,16/11/22,AM,0,0,1,20,,
MGC6,16/11/22,PM,0,0,1,NA,,
MGC1,17/11/22,AM,0,0,1,10,,
MGC1,17/11/22,PM,0,0,NA,NA,,
MGC2,17/11/22,AM,0,0,1,10,,
MGC2,17/11/22,PM,0,0,NA,10,,
MGC3,17/11/22,AM,0,1,0,80,,
MGC3,17/11/22,PM,1,1,NA,NA,,
MGC4,17/11/22,AM,0,0,1,30,,
MGC4,17/11/22,PM,0,0,NA,NA,,
MGC5,17/11/22,AM,0,0,1,70,,
MGC5,17/11/22,PM,0,0,NA,NA,,
MGC6,17/11/22,AM,0,0,1,30,,
MGC6,17/11/22,PM,0,0,NA,NA,,
MGC1,18/11/22,AM,0,0,1,10,,
MGC1,18/11/22,PM,NA,NA,1,NA,,
MGC2,18/11/22,AM,0,0,1,10,,
MGC2,18/11/22,PM,NA,NA,1,NA,,
MGC3,18/11/22,AM,1,1,0,80,,
MGC3,18/11/22,PM,NA,NA,0,NA,,
MGC4,18/11/22,AM,1,0,0,50,,
MGC4,18/11/22,PM,NA,NA,0,NA,,
MGC5,18/11/22,AM,0,0,1,70,,
MGC5,18/11/22,PM,NA,NA,1,NA,,
MGC6,18/11/22,AM,0,0,1,20,,
MGC6,18/11/22,PM,NA,NA,1,NA,,
MGC1,19/11/22,AM,0,1,1,1,,
MGC1,19/11/22,PM,0,0,0,1,,
MGC2,19/11/22,AM,0,0,1,1,,
MGC2,19/11/22,PM,0,0,1,1,,
MGC3,19/11/22,AM,0,1,0,0,,
MGC3,19/11/22,PM,0,1,0,0,,
MGC4,19/11/22,AM,0,1,0,1,,
MGC4,19/11/22,PM,0,1,0,1,,
MGC5,19/11/22,AM,0,0,1,1,,
MGC5,19/11/22,PM,0,0,1,1,,
MGC6,19/11/22,AM,0,0,1,1,,
MGC6,19/11/22,PM,0,0,1,1,,
MGC1,20/11/22,AM,0,1,0,10,,
MGC1,20/11/22,PM,1,1,0,NA,,
MGC2,20/11/22,AM,0,0,1,10,,
MGC2,20/11/22,PM,0,0,1,NA,,
MGC3,20/11/22,AM,1,1,0,80,,
MGC3,20/11/22,PM,1,1,0,NA,,
MGC4,20/11/22,AM,1,1,0,70,,
MGC4,20/11/22,PM,1,1,0,NA,,
MGC5,20/11/22,AM,0,0,1,60,,
MGC5,20/11/22,PM,0,0,1,NA,,
MGC6,20/11/22,AM,0,0,1,20,,
MGC6,20/11/22,PM,0,0,1,NA,,
MGC1,21/11/22,AM,1,1,0,NA,,
MGC1,21/11/22,PM,0,1,0,NA,,
MGC2,21/11/22,AM,0,0,1,NA,,
MGC2,21/11/22,PM,0,0,1,NA,,
MGC3,21/11/22,AM,1,1,0,NA,,
MGC3,21/11/22,PM,1,1,0,NA,,
MGC4,21/11/22,AM,0,1,0,NA,,
MGC4,21/11/22,PM,1,1,0,NA,,
MGC5,21/11/22,AM,0,0,1,NA,,
MGC5,21/11/22,PM,0,0,1,NA,,
MGC6,21/11/22,AM,0,0,1,NA,,
MGC6,21/11/22,PM,0,0,1,NA,,
MGC1,22/11/22,AM,1,1,0,20,,
MGC1,22/11/22,PM,0,1,0,NA,,
MGC2,22/11/22,AM,0,0,1,10,,
MGC2,22/11/22,PM,0,0,1,NA,,
MGC3,22/11/22,AM,1,1,0,80,,
MGC3,22/11/22,PM,1,1,1,NA,,
MGC4,22/11/22,AM,1,1,0,70,,
MGC4,22/11/22,PM,0,1,0,NA,,
MGC5,22/11/22,AM,0,0,0,70,,
MGC5,22/11/22,PM,1,1,0,NA,,
MGC6,22/11/22,AM,0,1,1,70,,
MGC6,22/11/22,PM,0,0,1,NA,,
MGC1,23/11/22,AM,0,1,0,20,,
MGC1,23/11/22,PM,0,1,0,NA,,
MGC2,23/11/22,AM,0,0,1,10,,
MGC2,23/11/22,PM,0,0,1,NA,,
MGC3,23/11/22,AM,1,1,0,80,,
MGC3,23/11/22,PM,0,1,0,NA,,
MGC4,23/11/22,AM,1,1,0,80,,
MGC4,23/11/22,PM,1,1,0,NA,,
MGC5,23/11/22,AM,0,0,1,80,,
MGC5,23/11/22,PM,0,1,NA,NA,,
MGC6,23/11/22,AM,1,0,0,70,,
MGC6,23/11/22,PM,0,0,0,NA,,
MGC1,24/11/22,AM,1,0,0,20,,
MGC1,24/11/22,PM,0,1,0,NA,,
MGC2,24/11/22,AM,0,1,1,20,,
MGC2,24/11/22,PM,0,0,1,NA,,
MGC3,24/11/22,AM,1,1,0,80,,
MGC3,24/11/22,PM,0,1,0,NA,,
MGC4,24/11/22,AM,0,1,0,80,,
MGC4,24/11/22,PM,0,1,0,NA,,
MGC5,24/11/22,AM,0,0,0,70,,
MGC5,24/11/22,PM,0,1,0,NA,,
MGC6,24/11/22,AM,0,1,1,70,,
MGC6,24/11/22,PM,0,0,0,NA,,
MGC1,25/11/22,AM,1,1,0,10,,
MGC1,25/11/22,PM,0,1,0,NA,,
MGC2,25/11/22,AM,0,1,0,20,,
MGC2,25/11/22,PM,1,1,0,NA,,
MGC3,25/11/22,AM,1,1,0,80,,
MGC3,25/11/22,PM,0,1,0,NA,,
MGC4,25/11/22,AM,0,1,0,70,,
MGC4,25/11/22,PM,1,1,0,NA,,
MGC5,25/11/22,AM,0,0,1,70,,
MGC5,25/11/22,PM,0,1,0,NA,,
MGC6,25/11/22,AM,1,1,0,70,,
MGC6,25/11/22,PM,0,0,0,NA,,
MGC1,26/11/22,AM,1,1,0,0,,
MGC1,26/11/22,PM,0,1,0,0,,
MGC2,26/11/22,AM,0,0,0,0,,
MGC2,26/11/22,PM,0,0,0,1,,
MGC3,26/11/22,AM,1,1,0,0,,
MGC3,26/11/22,PM,1,1,0,0,,
MGC4,26/11/22,AM,1,1,0,0,,
MGC4,26/11/22,PM,1,1,0,0,,
MGC5,26/11/22,AM,1,1,0,0,,
MGC5,26/11/22,PM,1,1,0,0,,
MGC6,26/11/22,AM,1,1,0,0,,
MGC6,26/11/22,PM,1,1,0,0,,
MGC1,27/11/22,AM,NA,NA,NA,NA,,
MGC1,27/11/22,PM,1,NA,NA,NA,,
MGC2,27/11/22,AM,NA,NA,NA,NA,,
MGC2,27/11/22,PM,1,NA,NA,NA,,
MGC3,27/11/22,AM,NA,NA,NA,NA,,
MGC3,27/11/22,PM,NA,NA,NA,NA,,
MGC4,27/11/22,AM,1,NA,NA,NA,,
MGC4,27/11/22,PM,1,NA,NA,NA,,
MGC5,27/11/22,AM,NA,NA,NA,NA,,
MGC5,27/11/22,PM,NA,NA,NA,NA,,
MGC6,27/11/22,AM,0,NA,NA,NA,,
MGC6,27/11/22,PM,1,NA,NA,NA,,
MGC1,28/11/22,AM,1,1,0,20,,
MGC1,28/11/22,PM,0,1,0,NA,,
MGC2,28/11/22,AM,0,0,0,20,,
MGC2,28/11/22,PM,0,1,0,NA,,
MGC3,28/11/22,AM,1,1,0,80,,
MGC3,28/11/22,PM,0,1,0,NA,,
MGC4,28/11/22,AM,1,1,0,70,,
MGC4,28/11/22,PM,0,1,0,NA,,
MGC5,28/11/22,AM,0,0,0,70,,
MGC5,28/11/22,PM,0,1,0,NA,,
MGC6,28/11/22,AM,1,1,0,20,,
MGC6,28/11/22,PM,0,1,0,NA,,
MGC1,29/11/22,AM,0,1,0,NA,,
MGC1,29/11/22,PM,1,1,0,NA,,
MGC2,29/11/22,AM,0,0,1,NA,,
MGC2,29/11/22,PM,0,0,0,NA,,
MGC3,29/11/22,AM,0,1,0,NA,,
MGC3,29/11/22,PM,0,1,0,NA,,
MGC4,29/11/22,AM,1,1,0,NA,,
MGC4,29/11/22,PM,1,1,0,NA,,
MGC5,29/11/22,AM,0,1,0,NA,,
MGC5,29/11/22,PM,1,1,0,NA,,
MGC6,29/11/22,AM,0,1,0,NA,,
MGC6,29/11/22,PM,1,0,0,NA,,
MGC1,30/11/22,AM,0,1,0,NA,,
MGC1,30/11/22,PM,NA,NA,NA,NA,,
MGC2,30/11/22,AM,0,0,0,NA,,
MGC2,30/11/22,PM,NA,NA,NA,NA,,
MGC3,30/11/22,AM,1,1,0,NA,,
MGC3,30/11/22,PM,NA,NA,NA,NA,,
MGC4,30/11/22,AM,0,1,0,NA,,
MGC4,30/11/22,PM,NA,NA,NA,NA,,
MGC5,30/11/22,AM,1,1,0,NA,,
MGC5,30/11/22,PM,NA,NA,NA,NA,,
MGC6,30/11/22,AM,0,0,0,NA,,
MGC6,30/11/22,PM,NA,NA,NA,NA,,
MGC1,1/12/22,AM,1,1,0,0,,
MGC1,1/12/22,PM,1,1,0,0,,
MGC2,1/12/22,AM,0,0,0,0,,
MGC2,1/12/22,PM,0,0,0,0,,
MGC3,1/12/22,AM,0,0,0,0,,
MGC3,1/12/22,PM,1,1,0,0,,
MGC4,1/12/22,AM,1,1,0,0,,
MGC4,1/12/22,PM,1,1,0,0,,
MGC5,1/12/22,AM,1,1,0,0,,
MGC5,1/12/22,PM,1,1,0,0,,
MGC6,1/12/22,AM,0,1,0,0,,
MGC6,1/12/22,PM,1,1,0,0,,
MGC1,2/12/22,AM,0,1,0,29,,
MGC1,2/12/22,PM,0,1,0,NA,,
MGC2,2/12/22,AM,0,1,0,20,,
MGC2,2/12/22,PM,0,1,0,NA,,
MGC3,2/12/22,AM,0,1,0,80,,
MGC3,2/12/22,PM,0,1,0,NA,,
MGC4,2/12/22,AM,0,1,0,80,,
MGC4,2/12/22,PM,0,1,0,NA,,
MGC5,2/12/22,AM,0,1,0,80,,
MGC5,2/12/22,PM,0,1,0,NA,,
MGC6,2/12/22,AM,0,1,0,60,,
MGC6,2/12/22,PM,0,1,0,NA,,
MGC1,4/12/22,AM,1,1,0,20,,
MGC1,4/12/22,PM,1,1,0,NA,,
MGC2,4/12/22,AM,0,0,0,20,,
MGC2,4/12/22,PM,1,1,0,NA,,
MGC3,4/12/22,AM,1,1,0,90,,
MGC3,4/12/22,PM,1,1,0,NA,,
MGC4,4/12/22,AM,1,1,0,80,,
MGC4,4/12/22,PM,1,1,0,NA,,
MGC5,4/12/22,AM,1,1,0,80,,
MGC5,4/12/22,PM,1,1,0,NA,,
MGC6,4/12/22,AM,1,1,0,20,,
MGC6,4/12/22,PM,1,1,0,NA,,
MGC1,5/12/22,AM,1,1,0,NA,,
MGC1,5/12/22,PM,1,1,0,NA,,
MGC2,5/12/22,AM,1,1,0,NA,,
MGC2,5/12/22,PM,1,1,0,NA,,
MGC3,5/12/22,AM,1,1,0,NA,,
MGC3,5/12/22,PM,1,1,0,NA,,
MGC4,5/12/22,AM,1,1,0,NA,,
MGC4,5/12/22,PM,1,1,0,NA,,
MGC5,5/12/22,AM,1,1,0,NA,,
MGC5,5/12/22,PM,1,1,0,NA,,
MGC6,5/12/22,AM,0,1,0,NA,,
MGC6,5/12/22,PM,1,1,0,NA,,
MGC1,6/12/22,AM,0,1,0,20,,
MGC1,6/12/22,PM,0,1,0,NA,,
MGC2,6/12/22,AM,0,1,0,20,,
MGC2,6/12/22,PM,0,1,0,NA,,
MGC3,6/12/22,AM,1,1,0,80/90,,
MGC3,6/12/22,PM,0,1,0,NA,,
MGC4,6/12/22,AM,1,1,0,70/80,,
MGC4,6/12/22,PM,1,1,0,NA,,
MGC5,6/12/22,AM,0,1,0,70,,
MGC5,6/12/22,PM,1,1,0,NA,,
MGC6,6/12/22,AM,1,1,0,70,,
MGC6,6/12/22,PM,1,1,0,NA,,
MGC1,7/12/22,AM,1,1,0,0,,
MGC1,7/12/22,PM,1,1,0,0,,
MGC2,7/12/22,AM,1,1,0,0,,
MGC2,7/12/22,PM,0,1,0,0,,
MGC3,7/12/22,AM,1,1,0,0,,
MGC3,7/12/22,PM,1,1,0,0,,
MGC4,7/12/22,AM,1,1,0,0,,
MGC4,7/12/22,PM,1,1,0,0,,
MGC5,7/12/22,AM,1,1,0,0,,
MGC5,7/12/22,PM,1,1,0,0,,
MGC6,7/12/22,AM,1,1,0,0,,
MGC6,7/12/22,PM,1,1,0,0,,
MGC1,8/12/22,AM,1,1,0,0,,
MGC1,8/12/22,PM,1,1,0,NA,,
MGC2,8/12/22,AM,1,1,0,0,,
MGC2,8/12/22,PM,1,1,0,NA,,
MGC3,8/12/22,AM,1,1,0,0,,
MGC3,8/12/22,PM,1,1,0,NA,,
MGC4,8/12/22,AM,1,1,0,0,,
MGC4,8/12/22,PM,1,1,0,NA,,
MGC5,8/12/22,AM,1,1,0,0,,
MGC5,8/12/22,PM,1,1,0,NA,,
MGC6,8/12/22,AM,1,1,0,0,,
MGC6,8/12/22,PM,1,1,0,NA,,
MGC1,9/12/22,AM,0,1,0,20,,
MGC1,9/12/22,PM,1,1,0,0,,
MGC2,9/12/22,AM,0,1,0,20,,
MGC2,9/12/22,PM,1,1,0,0,,
MGC3,9/12/22,AM,0,1,0,90,,
MGC3,9/12/22,PM,1,1,0,0,,
MGC4,9/12/22,AM,0,1,0,80,,
MGC4,9/12/22,PM,1,1,0,0,,
MGC5,9/12/22,AM,0,1,0,80,,
MGC5,9/12/22,PM,1,1,0,0,,
MGC6,9/12/22,AM,0,1,0,60,,
MGC6,9/12/22,PM,1,1,0,0,,
MGC1,10/12/22,AM,1,1,0,20,,
MGC1,10/12/22,PM,1,1,0,0,,
MGC2,10/12/22,AM,1,1,0,20,,
MGC2,10/12/22,PM,1,1,0,0,,
MGC3,10/12/22,AM,1,1,0,90,,
MGC3,10/12/22,PM,1,1,0,0,,
MGC4,10/12/22,AM,1,1,0,80,,
MGC4,10/12/22,PM,1,1,0,0,,
MGC5,10/12/22,AM,1,1,0,80,,
MGC5,10/12/22,PM,1,1,0,0,,
MGC6,10/12/22,AM,1,1,0,60,,
MGC6,10/12/22,PM,1,1,0,0,,
MGC1,11/12/22,AM,1,1,0,0,,
MGC1,11/12/22,PM,1,1,0,0,,
MGC2,11/12/22,AM,1,1,0,0,,
MGC2,11/12/22,PM,1,1,0,0,,
MGC3,11/12/22,AM,1,1,0,0,,
MGC3,11/12/22,PM,1,1,0,0,,
MGC4,11/12/22,AM,1,1,0,0,,
MGC4,11/12/22,PM,1,1,0,0,,
MGC5,11/12/22,AM,1,1,0,0,,
MGC5,11/12/22,PM,1,1,0,0,,
MGC6,11/12/22,AM,1,1,0,0,,
MGC6,11/12/22,PM,1,1,0,0,,
MGC1,12/12/22,AM,1,1,0,0,,
MGC1,12/12/22,PM,1,1,0,0,,
MGC2,12/12/22,AM,1,1,0,0,,
MGC2,12/12/22,PM,1,1,0,0,,
MGC3,12/12/22,AM,1,1,0,0,,
MGC3,12/12/22,PM,1,1,0,0,,
MGC4,12/12/22,AM,1,1,0,0,,
MGC4,12/12/22,PM,1,1,0,0,,
MGC5,12/12/22,AM,1,1,0,0,,
MGC5,12/12/22,PM,1,1,0,0,,
MGC6,12/12/22,AM,1,1,0,0,,
MGC6,12/12/22,PM,1,1,0,0,,
MGC1,13/12/22,AM,1,1,0,0,,
MGC1,13/12/22,PM,1,1,0,0,,
MGC2,13/12/22,AM,1,1,0,0,,
MGC2,13/12/22,PM,1,1,0,0,,
MGC3,13/12/22,AM,1,1,0,0,,
MGC3,13/12/22,PM,1,1,0,0,,
MGC4,13/12/22,AM,1,1,0,0,,
MGC4,13/12/22,PM,1,1,0,0,,
MGC5,13/12/22,AM,1,1,0,0,,
MGC5,13/12/22,PM,1,1,0,0,,
MGC6,13/12/22,AM,1,1,0,0,,
MGC6,13/12/22,PM,1,1,0,0,,
MGC1,14/12/22,AM,NA,NA,NA,NA,,
MGC1,14/12/22,PM,1,1,0,NA,,
MGC2,14/12/22,AM,NA,NA,NA,NA,,
MGC2,14/12/22,PM,1,1,0,NA,,
MGC3,14/12/22,AM,NA,NA,NA,NA,,
MGC3,14/12/22,PM,0,1,0,NA,,
MGC4,14/12/22,AM,NA,NA,NA,NA,,
MGC4,14/12/22,PM,1,1,0,NA,,
MGC5,14/12/22,AM,NA,NA,NA,NA,,
MGC5,14/12/22,PM,0,1,0,NA,,
MGC6,14/12/22,AM,NA,NA,NA,NA,,
MGC6,14/12/22,PM,1,1,0,NA,,
MGC1,15/12/22,AM,0,1,0,30,,
MGC1,15/12/22,PM,NA,NA,NA,NA,,
MGC2,15/12/22,AM,0,1,0,30,,
MGC2,15/12/22,PM,NA,NA,NA,NA,,
MGC3,15/12/22,AM,0,1,0,90,,
MGC3,15/12/22,PM,NA,NA,NA,NA,,
MGC4,15/12/22,AM,0,1,0,80,,
MGC4,15/12/22,PM,NA,NA,NA,NA,,
MGC5,15/12/22,AM,1,1,0,80,,
MGC5,15/12/22,PM,NA,NA,NA,NA,,
MGC6,15/12/22,AM,1,1,0,70,,
MGC6,15/12/22,PM,NA,NA,NA,NA,,
MGC1,16/12/22,AM,NA,NA,NA,NA,,
MGC1,16/12/22,PM,1,NA,0,NA,,
MGC2,16/12/22,AM,NA,NA,NA,NA,,
MGC2,16/12/22,PM,0,1,0,NA,,
MGC3,16/12/22,AM,NA,NA,NA,NA,,
MGC3,16/12/22,PM,0,1,0,NA,,
MGC4,16/12/22,AM,NA,NA,NA,NA,,
MGC4,16/12/22,PM,1,1,0,80,,
MGC5,16/12/22,AM,NA,NA,NA,NA,,
MGC5,16/12/22,PM,1,1,0,NA,,
MGC6,16/12/22,AM,NA,NA,NA,NA,,
MGC6,16/12/22,PM,1,NA,0,NA,,
MGC1,17/12/22,AM,1,1,0,NA,,
MGC1,17/12/22,PM,NA,NA,NA,NA,,
MGC2,17/12/22,AM,1,1,0,NA,,
MGC2,17/12/22,PM,NA,NA,NA,NA,,
MGC3,17/12/22,AM,0,1,0,NA,,
MGC3,17/12/22,PM,NA,NA,NA,NA,,
MGC4,17/12/22,AM,1,1,0,NA,,
MGC4,17/12/22,PM,NA,NA,NA,NA,,
MGC5,17/12/22,AM,1,1,0,NA,,
MGC5,17/12/22,PM,NA,NA,NA,NA,,
MGC6,17/12/22,AM,0,1,0,NA,,
MGC6,17/12/22,PM,NA,NA,NA,NA,,
MGC1,18/12/22,AM,1,1,0,0,,
MGC1,18/12/22,PM,1,1,0,NA,,
MGC2,18/12/22,AM,0,1,0,0,,
MGC2,18/12/22,PM,0,1,0,NA,,
MGC3,18/12/22,AM,1,1,0,0,,
MGC3,18/12/22,PM,1,1,0,NA,,
MGC4,18/12/22,AM,1,1,0,0,,
MGC4,18/12/22,PM,1,1,0,NA,,
MGC5,18/12/22,AM,1,1,0,0,,
MGC5,18/12/22,PM,1,1,0,NA,,
MGC6,18/12/22,AM,1,1,0,0,,
MGC6,18/12/22,PM,0,1,0,NA,,
MGC1,20/12/22,AM,NA,NA,NA,NA,,
MGC1,20/12/22,PM,1,1,0,NA,,
MGC2,20/12/22,AM,NA,NA,NA,NA,,
MGC2,20/12/22,PM,1,1,0,NA,,
MGC3,20/12/22,AM,NA,NA,NA,NA,,
MGC3,20/12/22,PM,1,1,0,NA,,
MGC4,20/12/22,AM,NA,NA,NA,NA,,
MGC4,20/12/22,PM,0,1,0,NA,,
MGC5,20/12/22,AM,NA,NA,NA,NA,,
MGC5,20/12/22,PM,1,1,0,NA,,
MGC6,20/12/22,AM,NA,NA,NA,NA,,
MGC6,20/12/22,PM,1,1,0,NA,,
MGC1,21/12/22,AM,NA,NA,NA,NA,,
MGC1,21/12/22,PM,NA,1,0,NA,0,
MGC2,21/12/22,AM,NA,NA,NA,NA,,
MGC2,21/12/22,PM,1,1,0,NA,0,
MGC3,21/12/22,AM,NA,NA,NA,NA,,
MGC3,21/12/22,PM,NA,1,0,NA,0,
MGC4,21/12/22,AM,NA,NA,NA,NA,,
MGC4,21/12/22,PM,1,1,0,NA,0,
MGC5,21/12/22,AM,NA,NA,NA,NA,,
MGC5,21/12/22,PM,NA,1,0,NA,0,
MGC6,21/12/22,AM,NA,NA,NA,NA,,
MGC6,21/12/22,PM,NA,1,0,NA,0,
MGC1,23/12/22,AM,1,1,0,NA,,
MGC1,23/12/22,PM,1,1,0,NA,,
MGC2,23/12/22,AM,1,1,0,NA,,
MGC2,23/12/22,PM,1,1,0,NA,,
MGC3,23/12/22,AM,1,1,0,NA,,
MGC3,23/12/22,PM,1,1,0,NA,,
MGC4,23/12/22,AM,1,1,0,NA,,
MGC4,23/12/22,PM,1,1,0,NA,,
MGC5,23/12/22,AM,1,1,0,NA,,
MGC5,23/12/22,PM,1,1,0,NA,,
MGC6,23/12/22,AM,1,1,0,NA,,
MGC6,23/12/22,PM,1,1,0,NA,,
MGC1,25/12/22,AM,NA,NA,NA,NA,,
MGC1,25/12/22,PM,1,1,0,NA,,
MGC2,25/12/22,AM,NA,NA,NA,NA,,
MGC2,25/12/22,PM,1,1,0,NA,,
MGC3,25/12/22,AM,NA,NA,NA,NA,,
MGC3,25/12/22,PM,1,1,0,NA,,
MGC4,25/12/22,AM,NA,NA,NA,NA,,
MGC4,25/12/22,PM,0,1,0,NA,,
MGC5,25/12/22,AM,NA,NA,NA,NA,,
MGC5,25/12/22,PM,1,1,0,NA,,
MGC6,25/12/22,AM,NA,NA,NA,NA,,
MGC6,25/12/22,PM,0,1,0,NA,,
MGC1,27/12/22,AM,NA,NA,NA,NA,,
MGC1,27/12/22,PM,1,1,0,0,,
MGC2,27/12/22,AM,NA,NA,NA,NA,,
MGC2,27/12/22,PM,0,1,0,0,,
MGC3,27/12/22,AM,NA,NA,NA,NA,,
MGC3,27/12/22,PM,1,1,0,0,,
MGC4,27/12/22,AM,NA,NA,NA,NA,,
MGC4,27/12/22,PM,1,1,0,0,,
MGC5,27/12/22,AM,NA,NA,NA,NA,,
MGC5,27/12/22,PM,1,1,0,0,,
MGC6,27/12/22,AM,NA,NA,NA,NA,,
MGC6,27/12/22,PM,0,1,0,0,,
MGC1,28/12/22,AM,NA,NA,NA,NA,,
MGC1,28/12/22,PM,1,1,0,0,,
MGC2,28/12/22,AM,NA,NA,NA,NA,,
MGC2,28/12/22,PM,1,1,0,0,,
MGC3,28/12/22,AM,NA,NA,NA,NA,,
MGC3,28/12/22,PM,1,1,0,0,,
MGC4,28/12/22,AM,NA,NA,NA,NA,,
MGC4,28/12/22,PM,1,1,0,0,,
MGC5,28/12/22,AM,NA,NA,NA,NA,,
MGC5,28/12/22,PM,1,1,0,0,,
MGC6,28/12/22,AM,NA,NA,NA,NA,,
MGC6,28/12/22,PM,1,1,0,0,,